Frame,ID,Type,X,Y,Team
0,3,player,857,671,2
0,21,referee,885,606,-1
0,22,referee,883,611,-1
0,1,ball,883,608,-1
1,3,player,857,671,2
1,21,referee,886,606,-1
1,22,referee,884,611,-1
1,1,ball,883,608,-1
2,3,player,856,669,2
2,21,referee,883,609,-1
2,1,ball,883,608,-1
3,3,player,853,665,2
3,22,referee,883,609,-1
3,1,ball,883,608,-1
4,3,player,849,663,2
4,22,referee,882,611,-1
4,1,ball,883,608,-1
5,3,player,846,662,2
5,22,referee,883,611,-1
5,25,referee,1577,533,-1
5,1,ball,883,608,-1
6,3,player,844,663,2
6,22,referee,884,612,-1
6,20,referee,891,396,-1
6,1,ball,883,608,-1
7,3,player,839,662,2
7,22,referee,885,612,-1
7,20,referee,892,396,-1
7,1,ball,883,608,-1
8,3,player,833,659,2
8,20,referee,894,397,-1
8,22,referee,886,614,-1
8,1,ball,883,608,-1
9,3,player,829,659,2
9,20,referee,894,397,-1
9,22,referee,888,614,-1
9,1,ball,883,608,-1
10,3,player,827,660,2
10,22,referee,890,615,-1
10,20,referee,895,397,-1
10,1,ball,883,608,-1
11,3,player,827,660,2
11,22,referee,892,614,-1
11,20,referee,897,398,-1
11,1,ball,883,608,-1
12,3,player,826,660,2
12,22,referee,893,615,-1
12,20,referee,898,397,-1
12,1,ball,883,608,-1
13,3,player,825,659,2
13,22,referee,895,616,-1
13,27,referee,1906,944,-1
13,20,referee,898,398,-1
13,1,ball,883,608,-1
14,3,player,823,659,2
14,22,referee,898,617,-1
14,20,referee,898,398,-1
14,1,ball,883,608,-1
15,3,player,818,652,2
15,22,referee,899,618,-1
15,20,referee,898,399,-1
15,1,ball,883,608,-1
16,3,player,816,651,2
16,22,referee,900,620,-1
16,20,referee,898,400,-1
16,1,ball,883,608,-1
17,3,player,815,652,2
17,22,referee,901,621,-1
17,20,referee,897,402,-1
17,1,ball,883,608,-1
18,27,referee,1882,948,-1
18,22,referee,902,622,-1
18,20,referee,896,403,-1
18,1,ball,883,608,-1
19,27,referee,1873,951,-1
19,22,referee,903,626,-1
19,20,referee,896,406,-1
19,1,ball,883,608,-1
20,27,referee,1870,951,-1
20,22,referee,904,627,-1
20,20,referee,897,409,-1
20,1,ball,883,608,-1
21,27,referee,1868,951,-1
21,20,referee,898,408,-1
21,22,referee,907,628,-1
21,1,ball,883,608,-1
22,3,player,816,648,2
22,27,referee,1865,950,-1
22,20,referee,899,408,-1
22,1,ball,883,608,-1
23,3,player,818,646,2
23,27,referee,1860,951,-1
23,20,referee,900,408,-1
23,1,ball,883,608,-1
24,3,player,820,646,2
24,27,referee,1856,950,-1
24,20,referee,902,406,-1
24,1,ball,883,608,-1
25,3,player,823,646,2
25,27,referee,1854,951,-1
25,22,referee,917,629,-1
25,20,referee,903,409,-1
25,1,ball,883,608,-1
26,3,player,823,641,2
26,27,referee,1847,951,-1
26,22,referee,918,629,-1
26,20,referee,902,409,-1
26,1,ball,883,608,-1
27,3,player,824,640,2
27,27,referee,1840,951,-1
27,22,referee,919,630,-1
27,20,referee,902,408,-1
27,1,ball,883,608,-1
28,3,player,825,640,2
28,27,referee,1831,953,-1
28,22,referee,919,632,-1
28,20,referee,900,410,-1
28,1,ball,883,608,-1
29,3,player,820,643,2
29,27,referee,1824,953,-1
29,22,referee,920,635,-1
29,20,referee,899,412,-1
29,1,ball,883,608,-1
30,3,player,820,643,2
30,27,referee,1820,950,-1
30,22,referee,921,637,-1
30,20,referee,899,414,-1
30,1,ball,883,608,-1
31,6,player,948,628,2
31,27,referee,1812,950,-1
31,22,referee,921,638,-1
31,20,referee,898,414,-1
31,1,ball,883,608,-1
32,6,player,947,627,2
32,27,referee,1807,951,-1
32,22,referee,921,639,-1
32,20,referee,897,414,-1
32,1,ball,883,608,-1
33,6,player,947,623,2
33,22,referee,923,640,-1
33,27,referee,1804,948,-1
33,20,referee,897,413,-1
33,1,ball,883,608,-1
34,3,player,826,633,2
34,27,referee,1800,948,-1
34,22,referee,925,641,-1
34,20,referee,898,413,-1
34,1,ball,883,608,-1
35,3,player,832,630,2
35,27,referee,1797,951,-1
35,22,referee,929,640,-1
35,20,referee,901,413,-1
35,25,referee,1511,556,-1
35,1,ball,883,608,-1
36,3,player,838,631,2
36,27,referee,1792,951,-1
36,22,referee,933,642,-1
36,20,referee,904,412,-1
36,1,ball,883,608,-1
37,3,player,837,630,2
37,27,referee,1792,952,-1
37,22,referee,938,642,-1
37,1,ball,883,608,-1
38,3,player,842,628,2
38,27,referee,1792,952,-1
38,22,referee,944,639,-1
38,1,ball,883,608,-1
39,3,player,846,625,2
39,27,referee,1792,951,-1
39,22,referee,948,641,-1
39,1,ball,883,608,-1
40,3,player,850,623,2
40,27,referee,1789,951,-1
40,22,referee,952,641,-1
40,32,referee,919,411,-1
40,1,ball,883,608,-1
41,3,player,853,620,2
41,27,referee,1788,953,-1
41,22,referee,955,641,-1
41,32,referee,922,411,-1
41,1,ball,889,609,-1
42,3,player,857,619,2
42,27,referee,1787,955,-1
42,32,referee,926,412,-1
42,1,ball,897,604,-1
43,3,player,860,619,2
43,27,referee,1786,955,-1
43,32,referee,929,413,-1
43,22,referee,963,644,-1
43,1,ball,904,604,-1
44,13,player,791,610,2
44,22,referee,966,645,-1
44,27,referee,1784,958,-1
44,32,referee,930,413,-1
44,1,ball,769,575,-1
45,30,player,686,543,2
45,22,referee,969,647,-1
45,27,referee,1786,959,-1
45,32,referee,931,412,-1
45,1,ball,635,545,-1
46,22,referee,971,648,-1
46,27,referee,1790,963,-1
46,32,referee,932,414,-1
46,1,ball,500,516,-1
47,22,referee,974,650,-1
47,27,referee,1793,967,-1
47,1,ball,499,516,-1
48,22,referee,975,652,-1
48,27,referee,1793,968,-1
48,1,ball,519,520,-1
49,22,referee,977,653,-1
49,27,referee,1794,971,-1
49,1,ball,540,523,-1
50,22,referee,978,654,-1
50,27,referee,1796,971,-1
50,1,ball,560,527,-1
51,27,referee,1795,976,-1
51,22,referee,979,655,-1
51,32,referee,940,414,-1
51,1,ball,580,531,-1
52,27,referee,1794,979,-1
52,22,referee,980,657,-1
52,32,referee,940,414,-1
52,1,ball,600,534,-1
53,30,player,686,545,2
53,27,referee,1792,988,-1
53,22,referee,981,656,-1
53,32,referee,941,413,-1
53,1,ball,620,538,-1
54,30,player,685,545,2
54,27,referee,1789,995,-1
54,22,referee,981,657,-1
54,32,referee,940,413,-1
54,1,ball,641,542,-1
55,30,player,683,543,2
55,27,referee,1791,992,-1
55,22,referee,981,657,-1
55,32,referee,940,412,-1
55,1,ball,661,545,-1
56,30,player,681,543,2
56,27,referee,1792,990,-1
56,22,referee,981,659,-1
56,32,referee,939,412,-1
56,1,ball,681,549,-1
57,39,player,691,537,2
57,27,referee,1791,992,-1
57,22,referee,982,660,-1
57,32,referee,938,412,-1
57,1,ball,701,552,-1
58,39,player,690,531,2
58,27,referee,1792,998,-1
58,22,referee,985,661,-1
58,1,ball,721,556,-1
59,13,player,759,607,2
59,27,referee,1792,997,-1
59,22,referee,986,661,-1
59,1,ball,741,560,-1
60,13,player,752,608,2
60,22,referee,986,661,-1
60,27,referee,1790,988,-1
60,1,ball,762,563,-1
61,14,player,829,543,2
61,22,referee,987,661,-1
61,27,referee,1790,976,-1
61,1,ball,782,567,-1
62,14,player,828,543,2
62,22,referee,988,662,-1
62,27,referee,1789,973,-1
62,1,ball,802,571,-1
63,14,player,827,543,2
63,22,referee,989,662,-1
63,27,referee,1791,958,-1
63,1,ball,822,574,-1
64,14,player,827,542,2
64,22,referee,990,663,-1
64,27,referee,1791,968,-1
64,1,ball,842,578,-1
65,3,player,901,602,2
65,22,referee,990,663,-1
65,27,referee,1791,973,-1
65,1,ball,863,582,-1
66,3,player,903,601,2
66,22,referee,991,663,-1
66,1,ball,883,585,-1
67,3,player,904,602,2
67,22,referee,992,664,-1
67,27,referee,1790,1020,-1
67,1,ball,903,589,-1
68,3,player,907,602,2
68,27,referee,1786,1022,-1
68,22,referee,993,666,-1
68,44,referee,934,404,-1
68,1,ball,923,593,-1
69,37,player,1003,610,2
69,27,referee,1785,1019,-1
69,22,referee,996,667,-1
69,44,referee,934,403,-1
69,1,ball,943,596,-1
70,37,player,1007,608,2
70,22,referee,998,667,-1
70,27,referee,1784,1011,-1
70,44,referee,934,403,-1
70,1,ball,963,600,-1
71,37,player,1012,607,2
71,22,referee,998,669,-1
71,27,referee,1784,1016,-1
71,44,referee,933,403,-1
71,1,ball,984,603,-1
72,37,player,1015,609,2
72,22,referee,999,669,-1
72,27,referee,1784,1022,-1
72,44,referee,932,403,-1
72,1,ball,1004,607,-1
73,7,player,1034,607,2
73,27,referee,1784,1020,-1
73,22,referee,1000,671,-1
73,44,referee,932,402,-1
73,1,ball,1024,611,-1
74,7,player,1031,610,2
74,22,referee,1001,670,-1
74,27,referee,1785,1019,-1
74,44,referee,931,402,-1
74,1,ball,1044,614,-1
75,7,player,1030,612,2
75,22,referee,1002,671,-1
75,27,referee,1785,1020,-1
75,44,referee,932,400,-1
75,1,ball,1064,618,-1
76,37,player,1032,610,2
76,22,referee,1003,672,-1
76,27,referee,1785,1021,-1
76,44,referee,933,401,-1
76,1,ball,1069,619,-1
77,37,player,1039,610,2
77,27,referee,1785,1022,-1
77,22,referee,1005,673,-1
77,44,referee,933,401,-1
77,1,ball,1074,621,-1
78,37,player,1043,612,2
78,27,referee,1786,1028,-1
78,22,referee,1006,673,-1
78,44,referee,933,400,-1
78,1,ball,1078,617,-1
79,37,player,1052,614,2
79,27,referee,1787,1030,-1
79,22,referee,1008,674,-1
79,44,referee,933,398,-1
79,1,ball,1087,621,-1
80,37,player,1057,615,2
80,22,referee,1008,676,-1
80,27,referee,1790,1033,-1
80,44,referee,933,398,-1
80,1,ball,1093,623,-1
81,22,referee,1010,676,-1
81,27,referee,1790,1035,-1
81,44,referee,934,396,-1
81,1,ball,451,518,-1
82,30,player,659,536,2
82,22,referee,1011,678,-1
82,27,referee,1791,1039,-1
82,44,referee,934,396,-1
82,1,ball,672,554,-1
83,3,player,925,600,2
83,22,referee,1011,679,-1
83,27,referee,1792,1041,-1
83,44,referee,935,394,-1
83,1,ball,894,591,-1
84,37,player,1078,619,2
84,22,referee,1012,680,-1
84,44,referee,935,394,-1
84,27,referee,1795,1039,-1
84,1,ball,1115,627,-1
85,37,player,1085,620,2
85,22,referee,1012,681,-1
85,27,referee,1791,1045,-1
85,44,referee,936,394,-1
85,1,ball,1120,629,-1
86,37,player,1090,624,2
86,22,referee,1012,682,-1
86,27,referee,1795,1047,-1
86,44,referee,935,393,-1
86,1,ball,1125,629,-1
87,37,player,1100,624,2
87,22,referee,1012,682,-1
87,27,referee,1796,1049,-1
87,44,referee,936,391,-1
87,1,ball,1130,629,-1
88,37,player,1106,624,2
88,22,referee,1011,684,-1
88,27,referee,1796,1051,-1
88,44,referee,937,391,-1
88,1,ball,1136,628,-1
89,37,player,1112,624,2
89,22,referee,1011,684,-1
89,27,referee,1792,1051,-1
89,44,referee,937,389,-1
89,1,ball,1141,628,-1
90,37,player,1117,625,2
90,27,referee,1785,1052,-1
90,22,referee,1009,684,-1
90,44,referee,937,390,-1
90,1,ball,1146,628,-1
91,37,player,1122,628,2
91,27,referee,1782,1052,-1
91,44,referee,937,390,-1
91,22,referee,1007,685,-1
91,1,ball,1151,628,-1
92,37,player,1131,637,2
92,27,referee,1778,1050,-1
92,22,referee,1006,684,-1
92,44,referee,937,390,-1
92,1,ball,1156,628,-1
93,37,player,1137,640,2
93,27,referee,1774,1050,-1
93,22,referee,1006,684,-1
93,44,referee,937,390,-1
93,1,ball,1161,628,-1
94,37,player,1137,635,2
94,22,referee,1005,683,-1
94,27,referee,1770,1050,-1
94,44,referee,938,390,-1
94,1,ball,1166,628,-1
95,37,player,1137,631,2
95,22,referee,1004,682,-1
95,27,referee,1765,1051,-1
95,44,referee,939,390,-1
95,1,ball,1171,628,-1
96,5,player,1208,612,2
96,22,referee,1003,680,-1
96,27,referee,1761,1050,-1
96,44,referee,941,390,-1
96,1,ball,1176,628,-1
97,5,player,1213,612,2
97,22,referee,1003,680,-1
97,27,referee,1758,1048,-1
97,44,referee,941,390,-1
97,1,ball,1182,628,-1
98,5,player,1217,612,2
98,22,referee,1002,680,-1
98,27,referee,1755,1045,-1
98,44,referee,942,389,-1
98,1,ball,1187,628,-1
99,5,player,1218,613,2
99,22,referee,1001,680,-1
99,27,referee,1750,1045,-1
99,44,referee,942,389,-1
99,1,ball,1192,628,-1
100,5,player,1218,613,2
100,22,referee,1001,679,-1
100,27,referee,1747,1045,-1
100,44,referee,943,389,-1
100,1,ball,1197,628,-1
101,5,player,1221,612,2
101,22,referee,1001,677,-1
101,27,referee,1743,1046,-1
101,44,referee,944,390,-1
101,1,ball,1202,627,-1
102,5,player,1224,612,2
102,22,referee,998,677,-1
102,27,referee,1739,1044,-1
102,44,referee,946,389,-1
102,1,ball,1207,627,-1
103,5,player,1227,612,2
103,22,referee,997,676,-1
103,44,referee,947,388,-1
103,27,referee,1736,1044,-1
103,1,ball,1212,627,-1
104,5,player,1231,612,2
104,22,referee,997,675,-1
104,27,referee,1730,1043,-1
104,44,referee,948,389,-1
104,1,ball,1217,627,-1
105,5,player,1234,612,2
105,22,referee,995,674,-1
105,44,referee,949,389,-1
105,27,referee,1724,1043,-1
105,15,referee,1114,480,-1
105,1,ball,1222,627,-1
106,5,player,1237,610,2
106,22,referee,994,674,-1
106,27,referee,1722,1042,-1
106,44,referee,950,389,-1
106,15,referee,1114,481,-1
106,1,ball,1227,627,-1
107,5,player,1240,610,2
107,22,referee,993,674,-1
107,27,referee,1718,1043,-1
107,44,referee,951,390,-1
107,1,ball,1233,627,-1
108,5,player,1244,610,2
108,27,referee,1718,1043,-1
108,22,referee,991,673,-1
108,44,referee,953,389,-1
108,1,ball,1238,627,-1
109,5,player,1248,609,2
109,27,referee,1715,1041,-1
109,22,referee,990,673,-1
109,44,referee,954,390,-1
109,1,ball,1243,627,-1
110,5,player,1253,608,2
110,27,referee,1712,1040,-1
110,22,referee,989,674,-1
110,44,referee,955,389,-1
110,1,ball,1248,627,-1
111,5,player,1255,608,2
111,22,referee,988,674,-1
111,27,referee,1709,1039,-1
111,44,referee,956,390,-1
111,1,ball,1253,627,-1
112,5,player,1260,609,2
112,22,referee,987,671,-1
112,27,referee,1705,1039,-1
112,1,ball,1258,627,-1
113,5,player,1263,609,2
113,22,referee,987,670,-1
113,27,referee,1703,1038,-1
113,1,ball,1263,627,-1
114,5,player,1264,608,2
114,22,referee,985,669,-1
114,27,referee,1701,1038,-1
114,1,ball,1276,623,-1
115,5,player,1267,605,2
115,27,referee,1699,1037,-1
115,22,referee,985,666,-1
115,44,referee,965,389,-1
115,1,ball,1288,619,-1
116,5,player,1270,605,2
116,27,referee,1696,1037,-1
116,22,referee,983,664,-1
116,44,referee,967,387,-1
116,1,ball,1299,615,-1
117,5,player,1274,605,2
117,27,referee,1691,1037,-1
117,22,referee,982,663,-1
117,44,referee,968,386,-1
117,1,ball,1310,610,-1
118,5,player,1271,604,2
118,27,referee,1686,1037,-1
118,22,referee,982,662,-1
118,44,referee,969,386,-1
118,1,ball,1321,606,-1
119,69,player,1275,604,1
119,27,referee,1684,1036,-1
119,22,referee,981,662,-1
119,44,referee,970,386,-1
119,1,ball,1332,602,-1
120,5,player,1282,602,2
120,22,referee,979,662,-1
120,27,referee,1682,1037,-1
120,44,referee,972,385,-1
120,1,ball,1343,598,-1
121,5,player,1286,602,2
121,22,referee,979,662,-1
121,27,referee,1680,1036,-1
121,44,referee,973,386,-1
121,1,ball,1355,594,-1
122,5,player,1289,603,2
122,22,referee,979,662,-1
122,27,referee,1680,1035,-1
122,44,referee,974,387,-1
122,1,ball,1364,590,-1
123,22,referee,978,662,-1
123,27,referee,1677,1033,-1
123,44,referee,975,388,-1
123,1,ball,1374,586,-1
124,22,referee,977,661,-1
124,27,referee,1675,1031,-1
124,44,referee,977,388,-1
124,1,ball,1383,582,-1
125,22,referee,977,661,-1
125,27,referee,1673,1030,-1
125,44,referee,978,388,-1
125,1,ball,1391,581,-1
126,22,referee,977,661,-1
126,27,referee,1670,1031,-1
126,44,referee,980,388,-1
126,1,ball,1399,579,-1
127,22,referee,976,660,-1
127,27,referee,1669,1031,-1
127,44,referee,980,388,-1
127,1,ball,1406,574,-1
128,22,referee,976,658,-1
128,27,referee,1667,1032,-1
128,44,referee,982,388,-1
128,1,ball,1414,570,-1
129,22,referee,976,656,-1
129,27,referee,1664,1032,-1
129,44,referee,985,388,-1
129,1,ball,1421,568,-1
130,22,referee,976,655,-1
130,27,referee,1659,1032,-1
130,44,referee,989,388,-1
130,1,ball,1427,566,-1
131,22,referee,974,655,-1
131,27,referee,1657,1032,-1
131,44,referee,990,388,-1
131,1,ball,1434,564,-1
132,22,referee,974,655,-1
132,27,referee,1654,1032,-1
132,44,referee,992,388,-1
132,1,ball,1441,562,-1
133,25,player,1523,545,1
133,22,referee,974,655,-1
133,27,referee,1654,1033,-1
133,44,referee,993,387,-1
133,1,ball,1448,559,-1
134,25,player,1523,545,1
134,22,referee,973,653,-1
134,27,referee,1653,1032,-1
134,44,referee,994,386,-1
134,1,ball,1454,557,-1
135,25,player,1522,547,1
135,22,referee,973,654,-1
135,27,referee,1652,1032,-1
135,44,referee,997,387,-1
135,15,referee,1145,457,-1
135,1,ball,1460,555,-1
136,25,player,1521,547,1
136,22,referee,973,655,-1
136,27,referee,1652,1032,-1
136,44,referee,999,387,-1
136,74,referee,1144,459,-1
136,1,ball,1466,553,-1
137,25,player,1520,547,1
137,22,referee,973,653,-1
137,27,referee,1653,1032,-1
137,44,referee,1000,387,-1
137,1,ball,1472,551,-1
138,25,player,1519,548,1
138,22,referee,973,652,-1
138,27,referee,1650,1032,-1
138,44,referee,1003,387,-1
138,1,ball,1477,549,-1
139,25,player,1517,548,1
139,22,referee,973,651,-1
139,27,referee,1649,1032,-1
139,44,referee,1004,388,-1
139,1,ball,1482,547,-1
140,22,referee,973,649,-1
140,27,referee,1648,1032,-1
140,1,ball,1388,544,-1
141,5,player,1311,595,2
141,22,referee,973,651,-1
141,27,referee,1645,1033,-1
141,1,ball,1294,541,-1
142,16,player,1184,511,2
142,22,referee,973,649,-1
142,27,referee,1644,1033,-1
142,44,referee,1012,391,-1
142,1,ball,1201,538,-1
143,22,referee,973,649,-1
143,27,referee,1644,1033,-1
143,44,referee,1014,391,-1
143,1,ball,1107,535,-1
144,27,referee,1643,1033,-1
144,22,referee,974,649,-1
144,44,referee,1016,390,-1
144,1,ball,1013,532,-1
145,4,player,881,540,1
145,27,referee,1642,1033,-1
145,22,referee,974,649,-1
145,44,referee,1019,389,-1
145,1,ball,919,529,-1
146,30,player,822,518,2
146,27,referee,1641,1033,-1
146,22,referee,975,648,-1
146,44,referee,1021,389,-1
146,1,ball,826,526,-1
147,12,player,760,590,1
147,27,referee,1641,1032,-1
147,22,referee,976,648,-1
147,44,referee,1023,389,-1
147,1,ball,732,523,-1
148,27,referee,1640,1033,-1
148,22,referee,977,648,-1
148,44,referee,1026,389,-1
148,1,ball,638,520,-1
149,27,referee,1640,1033,-1
149,22,referee,978,646,-1
149,44,referee,1029,389,-1
149,1,ball,545,517,-1
150,27,referee,1638,1033,-1
150,22,referee,979,645,-1
150,44,referee,1031,388,-1
150,1,ball,451,514,-1
151,27,referee,1638,1033,-1
151,22,referee,980,642,-1
151,44,referee,1033,390,-1
151,1,ball,451,514,-1
152,22,referee,982,639,-1
152,27,referee,1638,1032,-1
152,44,referee,1035,390,-1
152,1,ball,452,514,-1
153,22,referee,983,639,-1
153,27,referee,1638,1032,-1
153,44,referee,1039,389,-1
153,1,ball,453,513,-1
154,22,referee,983,638,-1
154,27,referee,1637,1032,-1
154,44,referee,1040,390,-1
154,1,ball,454,513,-1
155,27,referee,1638,1032,-1
155,22,referee,985,637,-1
155,44,referee,1042,389,-1
155,1,ball,455,512,-1
156,27,referee,1640,1030,-1
156,22,referee,986,636,-1
156,44,referee,1045,389,-1
156,1,ball,456,512,-1
157,27,referee,1639,1028,-1
157,22,referee,987,633,-1
157,44,referee,1047,389,-1
157,1,ball,504,511,-1
158,27,referee,1641,1027,-1
158,22,referee,988,630,-1
158,44,referee,1050,389,-1
158,1,ball,553,511,-1
159,27,referee,1640,1027,-1
159,22,referee,988,629,-1
159,44,referee,1052,390,-1
159,1,ball,601,511,-1
160,22,referee,990,628,-1
160,27,referee,1641,1026,-1
160,1,ball,650,510,-1
161,22,referee,991,628,-1
161,27,referee,1641,1026,-1
161,1,ball,698,510,-1
162,22,referee,992,627,-1
162,27,referee,1641,1027,-1
162,44,referee,1062,389,-1
162,1,ball,746,509,-1
163,30,player,873,503,2
163,27,referee,1641,1028,-1
163,22,referee,994,628,-1
163,44,referee,1064,388,-1
163,1,ball,795,509,-1
164,30,player,877,501,2
164,22,referee,995,627,-1
164,27,referee,1637,1027,-1
164,44,referee,1066,388,-1
164,1,ball,843,508,-1
165,30,player,880,498,2
165,27,referee,1635,1026,-1
165,22,referee,997,626,-1
165,44,referee,1067,389,-1
165,1,ball,892,508,-1
166,14,player,928,523,2
166,27,referee,1635,1026,-1
166,22,referee,998,627,-1
166,44,referee,1070,390,-1
166,1,ball,940,507,-1
167,4,player,945,535,1
167,27,referee,1634,1026,-1
167,22,referee,999,623,-1
167,44,referee,1071,390,-1
167,1,ball,988,507,-1
168,23,player,1006,455,1
168,27,referee,1634,1027,-1
168,22,referee,1000,618,-1
168,44,referee,1074,391,-1
168,1,ball,1037,507,-1
169,27,referee,1634,1027,-1
169,22,referee,1002,616,-1
169,44,referee,1075,390,-1
169,1,ball,1085,506,-1
170,27,referee,1635,1027,-1
170,44,referee,1078,390,-1
170,22,referee,1006,615,-1
170,1,ball,1133,506,-1
171,27,referee,1639,1025,-1
171,22,referee,1010,614,-1
171,44,referee,1082,389,-1
171,1,ball,1182,505,-1
172,16,player,1266,493,2
172,22,referee,1012,614,-1
172,27,referee,1643,1029,-1
172,44,referee,1087,388,-1
172,1,ball,1230,505,-1
173,16,player,1267,493,2
173,22,referee,1014,614,-1
173,27,referee,1643,1029,-1
173,44,referee,1088,388,-1
173,1,ball,1279,504,-1
174,16,player,1268,493,2
174,22,referee,1016,614,-1
174,27,referee,1643,1030,-1
174,44,referee,1089,389,-1
174,1,ball,1327,504,-1
175,22,referee,1018,614,-1
175,27,referee,1642,1028,-1
175,44,referee,1089,389,-1
175,1,ball,1375,504,-1
176,25,player,1508,525,1
176,22,referee,1018,613,-1
176,27,referee,1642,1029,-1
176,44,referee,1089,389,-1
176,1,ball,1424,503,-1
177,25,player,1510,525,1
177,22,referee,1019,612,-1
177,27,referee,1641,1028,-1
177,44,referee,1088,390,-1
177,1,ball,1472,503,-1
178,25,player,1511,524,1
178,22,referee,1020,608,-1
178,27,referee,1640,1027,-1
178,44,referee,1089,390,-1
178,1,ball,1461,498,-1
179,25,player,1510,523,1
179,22,referee,1021,605,-1
179,27,referee,1641,1027,-1
179,44,referee,1089,389,-1
179,1,ball,1450,493,-1
180,25,player,1509,521,1
180,22,referee,1022,603,-1
180,27,referee,1640,1027,-1
180,44,referee,1089,387,-1
180,1,ball,1439,488,-1
181,22,referee,1023,601,-1
181,27,referee,1640,1025,-1
181,44,referee,1089,387,-1
181,1,ball,1428,483,-1
182,22,referee,1024,602,-1
182,27,referee,1640,1025,-1
182,44,referee,1089,386,-1
182,1,ball,1416,479,-1
183,22,referee,1024,601,-1
183,27,referee,1639,1025,-1
183,44,referee,1088,385,-1
183,1,ball,1405,475,-1
184,22,referee,1025,602,-1
184,27,referee,1640,1025,-1
184,44,referee,1088,388,-1
184,1,ball,1396,473,-1
185,22,referee,1026,600,-1
185,27,referee,1639,1025,-1
185,44,referee,1088,387,-1
185,1,ball,1386,470,-1
186,22,referee,1027,599,-1
186,27,referee,1639,1024,-1
186,44,referee,1087,387,-1
186,1,ball,1377,468,-1
187,27,referee,1639,1024,-1
187,22,referee,1027,597,-1
187,44,referee,1087,387,-1
187,1,ball,1367,465,-1
188,27,referee,1639,1024,-1
188,22,referee,1030,594,-1
188,44,referee,1087,388,-1
188,1,ball,1360,459,-1
189,27,referee,1639,1023,-1
189,22,referee,1030,592,-1
189,44,referee,1086,388,-1
189,1,ball,1352,455,-1
190,22,referee,1032,591,-1
190,27,referee,1638,1024,-1
190,44,referee,1085,386,-1
190,1,ball,1343,453,-1
191,16,player,1256,474,2
191,22,referee,1033,590,-1
191,27,referee,1637,1023,-1
191,44,referee,1081,385,-1
191,1,ball,1333,451,-1
192,15,player,1255,428,1
192,22,referee,1035,590,-1
192,27,referee,1636,1022,-1
192,44,referee,1080,385,-1
192,1,ball,1325,448,-1
193,15,player,1256,428,1
193,27,referee,1635,1022,-1
193,22,referee,1036,590,-1
193,44,referee,1078,385,-1
193,1,ball,1318,446,-1
194,15,player,1255,428,1
194,22,referee,1037,589,-1
194,27,referee,1634,1022,-1
194,44,referee,1077,386,-1
194,1,ball,1310,443,-1
195,15,player,1255,428,1
195,22,referee,1039,587,-1
195,27,referee,1633,1018,-1
195,44,referee,1075,384,-1
195,1,ball,1302,441,-1
196,15,player,1256,427,1
196,22,referee,1040,586,-1
196,27,referee,1633,1017,-1
196,44,referee,1074,383,-1
196,99,referee,1910,431,-1
196,1,ball,1294,438,-1
197,15,player,1256,428,1
197,22,referee,1041,583,-1
197,27,referee,1632,1017,-1
197,44,referee,1073,383,-1
197,1,ball,1287,436,-1
198,15,player,1257,429,1
198,22,referee,1042,579,-1
198,27,referee,1632,1017,-1
198,44,referee,1072,382,-1
198,99,referee,1909,431,-1
198,1,ball,1282,434,-1
199,15,player,1257,429,1
199,22,referee,1044,579,-1
199,27,referee,1632,1017,-1
199,44,referee,1070,382,-1
199,99,referee,1909,430,-1
199,1,ball,1282,433,-1
200,15,player,1259,431,1
200,22,referee,1046,579,-1
200,27,referee,1632,1018,-1
200,44,referee,1069,382,-1
200,1,ball,1281,432,-1
201,15,player,1258,432,1
201,22,referee,1047,579,-1
201,27,referee,1632,1018,-1
201,44,referee,1067,383,-1
201,1,ball,1281,431,-1
202,15,player,1258,432,1
202,22,referee,1049,579,-1
202,27,referee,1631,1020,-1
202,44,referee,1065,382,-1
202,1,ball,1281,430,-1
203,15,player,1260,432,1
203,22,referee,1051,577,-1
203,27,referee,1631,1018,-1
203,44,referee,1065,382,-1
203,1,ball,1281,429,-1
204,15,player,1262,432,1
204,44,referee,1066,381,-1
204,27,referee,1631,1018,-1
204,22,referee,1053,575,-1
204,1,ball,1280,428,-1
205,15,player,1262,430,1
205,44,referee,1066,378,-1
205,27,referee,1631,1017,-1
205,22,referee,1054,571,-1
205,1,ball,1280,427,-1
206,15,player,1264,424,1
206,27,referee,1631,1016,-1
206,22,referee,1057,564,-1
206,44,referee,1064,374,-1
206,1,ball,1286,426,-1
207,22,referee,1059,562,-1
207,27,referee,1633,1013,-1
207,44,referee,1064,374,-1
207,1,ball,113,1028,-1
208,15,player,1271,424,1
208,22,referee,1064,559,-1
208,27,referee,1636,1015,-1
208,44,referee,1065,374,-1
208,1,ball,1307,429,-1
209,15,player,1273,424,1
209,22,referee,1068,560,-1
209,27,referee,1638,1019,-1
209,44,referee,1066,374,-1
209,1,ball,1315,431,-1
210,15,player,1274,424,1
210,22,referee,1070,559,-1
210,27,referee,1639,1020,-1
210,44,referee,1065,374,-1
210,1,ball,1323,433,-1
211,15,player,1274,424,1
211,22,referee,1072,560,-1
211,27,referee,1638,1020,-1
211,44,referee,1065,374,-1
211,1,ball,1331,435,-1
212,15,player,1276,424,1
212,27,referee,1639,1020,-1
212,22,referee,1074,559,-1
212,44,referee,1064,374,-1
212,1,ball,1338,437,-1
213,15,player,1279,423,1
213,27,referee,1639,1020,-1
213,22,referee,1079,558,-1
213,44,referee,1062,375,-1
213,1,ball,1346,439,-1
214,15,player,1280,423,1
214,27,referee,1639,1019,-1
214,22,referee,1083,559,-1
214,44,referee,1061,375,-1
214,1,ball,1354,441,-1
215,15,player,1283,423,1
215,27,referee,1639,1019,-1
215,22,referee,1085,558,-1
215,44,referee,1060,375,-1
215,1,ball,1362,443,-1
216,27,referee,1639,1019,-1
216,22,referee,1086,555,-1
216,44,referee,1060,375,-1
216,1,ball,1370,445,-1
217,27,referee,1639,1019,-1
217,22,referee,1088,553,-1
217,44,referee,1060,375,-1
217,1,ball,1377,447,-1
218,27,referee,1639,1012,-1
218,22,referee,1090,552,-1
218,44,referee,1058,376,-1
218,1,ball,1385,449,-1
219,25,player,1463,479,1
219,27,referee,1639,1012,-1
219,22,referee,1092,551,-1
219,44,referee,1058,375,-1
219,1,ball,1393,451,-1
220,25,player,1463,478,1
220,27,referee,1639,1015,-1
220,22,referee,1095,551,-1
220,44,referee,1058,374,-1
220,1,ball,1401,453,-1
221,25,player,1464,477,1
221,27,referee,1639,1017,-1
221,22,referee,1097,550,-1
221,44,referee,1058,375,-1
221,1,ball,1407,454,-1
222,25,player,1465,477,1
222,27,referee,1639,1018,-1
222,22,referee,1099,550,-1
222,44,referee,1053,373,-1
222,1,ball,1415,455,-1
223,25,player,1465,475,1
223,27,referee,1639,1017,-1
223,22,referee,1101,549,-1
223,1,ball,1423,455,-1
224,25,player,1465,475,1
224,27,referee,1640,1018,-1
224,22,referee,1102,547,-1
224,1,ball,1428,458,-1
225,25,player,1465,473,1
225,27,referee,1640,1016,-1
225,22,referee,1104,548,-1
225,1,ball,1436,460,-1
226,25,player,1468,471,1
226,27,referee,1641,1020,-1
226,22,referee,1107,548,-1
226,44,referee,1053,372,-1
226,1,ball,1443,461,-1
227,25,player,1469,470,1
227,27,referee,1642,1019,-1
227,22,referee,1108,545,-1
227,44,referee,1053,371,-1
227,1,ball,1450,463,-1
228,25,player,1468,471,1
228,27,referee,1642,1020,-1
228,22,referee,1109,542,-1
228,44,referee,1052,371,-1
228,1,ball,1451,463,-1
229,25,player,1466,469,1
229,27,referee,1640,1020,-1
229,22,referee,1111,541,-1
229,44,referee,1051,370,-1
229,1,ball,1452,463,-1
230,25,player,1466,470,1
230,27,referee,1640,1019,-1
230,22,referee,1112,539,-1
230,44,referee,1052,370,-1
230,1,ball,1453,463,-1
231,25,player,1465,470,1
231,27,referee,1638,1019,-1
231,22,referee,1116,539,-1
231,44,referee,1052,369,-1
231,1,ball,1454,463,-1
232,25,player,1465,470,1
232,27,referee,1637,1019,-1
232,22,referee,1118,542,-1
232,44,referee,1052,370,-1
232,1,ball,1455,464,-1
233,25,player,1465,470,1
233,27,referee,1636,1017,-1
233,22,referee,1119,543,-1
233,44,referee,1051,370,-1
233,1,ball,1455,464,-1
234,25,player,1465,469,1
234,22,referee,1120,542,-1
234,27,referee,1636,1016,-1
234,44,referee,1050,370,-1
234,1,ball,1456,464,-1
235,25,player,1466,469,1
235,22,referee,1121,540,-1
235,27,referee,1635,1015,-1
235,44,referee,1049,369,-1
235,1,ball,1457,464,-1
236,25,player,1465,469,1
236,27,referee,1634,1015,-1
236,22,referee,1123,539,-1
236,44,referee,1048,369,-1
236,1,ball,1458,464,-1
237,25,player,1466,469,1
237,27,referee,1633,1014,-1
237,22,referee,1124,537,-1
237,44,referee,1047,368,-1
237,1,ball,1459,465,-1
238,25,player,1467,468,1
238,22,referee,1126,536,-1
238,27,referee,1633,1014,-1
238,44,referee,1047,368,-1
238,1,ball,1460,465,-1
239,25,player,1467,469,1
239,22,referee,1128,537,-1
239,27,referee,1633,1015,-1
239,44,referee,1047,367,-1
239,1,ball,1460,465,-1
240,25,player,1469,469,1
240,27,referee,1633,1015,-1
240,22,referee,1131,539,-1
240,44,referee,1050,367,-1
240,1,ball,1461,465,-1
241,25,player,1471,470,1
241,27,referee,1635,1014,-1
241,22,referee,1132,539,-1
241,44,referee,1050,367,-1
241,1,ball,1462,465,-1
242,25,player,1472,470,1
242,27,referee,1635,1014,-1
242,22,referee,1134,539,-1
242,44,referee,1051,367,-1
242,1,ball,1463,465,-1
243,25,player,1474,471,1
243,22,referee,1137,538,-1
243,27,referee,1635,1013,-1
243,44,referee,1051,366,-1
243,1,ball,1464,466,-1
244,25,player,1475,471,1
244,22,referee,1141,537,-1
244,27,referee,1636,1016,-1
244,44,referee,1052,367,-1
244,1,ball,1465,466,-1
245,25,player,1476,470,1
245,27,referee,1636,1016,-1
245,22,referee,1143,536,-1
245,44,referee,1052,366,-1
245,1,ball,1464,466,-1
246,25,player,1477,471,1
246,27,referee,1637,1018,-1
246,22,referee,1144,535,-1
246,44,referee,1052,366,-1
246,1,ball,1465,466,-1
247,25,player,1478,470,1
247,27,referee,1637,1020,-1
247,22,referee,1147,535,-1
247,44,referee,1053,367,-1
247,1,ball,1466,467,-1
248,25,player,1478,470,1
248,27,referee,1638,1019,-1
248,22,referee,1149,535,-1
248,44,referee,1053,366,-1
248,1,ball,1467,466,-1
249,16,player,1378,458,2
249,27,referee,1639,1019,-1
249,22,referee,1153,535,-1
249,1,ball,1398,494,-1
250,61,player,1322,508,2
250,27,referee,1639,1019,-1
250,22,referee,1154,535,-1
250,1,ball,1329,522,-1
251,61,player,1322,508,2
251,27,referee,1640,1020,-1
251,22,referee,1155,535,-1
251,1,ball,1260,550,-1
252,27,referee,1640,1020,-1
252,22,referee,1155,536,-1
252,1,ball,1191,578,-1
253,37,player,1080,564,2
253,27,referee,1640,1020,-1
253,22,referee,1155,535,-1
253,1,ball,1122,607,-1
254,9,player,1017,638,2
254,27,referee,1640,1020,-1
254,22,referee,1156,536,-1
254,1,ball,1053,635,-1
255,9,player,1015,638,2
255,27,referee,1640,1020,-1
255,22,referee,1158,535,-1
255,1,ball,984,663,-1
256,27,referee,1640,1020,-1
256,22,referee,1160,535,-1
256,1,ball,915,691,-1
257,27,referee,1640,1020,-1
257,22,referee,1162,535,-1
257,1,ball,846,719,-1
258,27,referee,1640,1020,-1
258,22,referee,1165,535,-1
258,1,ball,777,747,-1
259,27,referee,1640,1020,-1
259,22,referee,1165,535,-1
259,1,ball,708,775,-1
260,27,referee,1640,1020,-1
260,22,referee,1167,534,-1
260,1,ball,639,803,-1
261,27,referee,1640,1020,-1
261,22,referee,1167,534,-1
261,44,referee,1059,369,-1
261,1,ball,570,831,-1
262,27,referee,1640,1020,-1
262,22,referee,1169,534,-1
262,44,referee,1059,369,-1
262,1,ball,501,859,-1
263,27,referee,1641,1020,-1
263,22,referee,1171,534,-1
263,44,referee,1060,369,-1
263,1,ball,432,887,-1
264,27,referee,1643,1020,-1
264,22,referee,1171,534,-1
264,44,referee,1059,370,-1
264,1,ball,363,916,-1
265,27,referee,1644,1021,-1
265,22,referee,1171,535,-1
265,44,referee,1059,369,-1
265,1,ball,294,944,-1
266,27,referee,1644,1021,-1
266,22,referee,1171,534,-1
266,44,referee,1058,369,-1
266,1,ball,225,972,-1
267,27,referee,1644,1021,-1
267,22,referee,1171,533,-1
267,44,referee,1058,369,-1
267,1,ball,156,1000,-1
268,27,referee,1645,1021,-1
268,22,referee,1173,533,-1
268,44,referee,1058,369,-1
268,1,ball,88,1028,-1
269,27,referee,1643,1020,-1
269,22,referee,1173,533,-1
269,1,ball,117,1009,-1
270,27,referee,1641,1020,-1
270,22,referee,1173,532,-1
270,1,ball,146,990,-1
271,27,referee,1641,1020,-1
271,22,referee,1173,533,-1
271,1,ball,175,971,-1
272,27,referee,1639,1019,-1
272,22,referee,1173,533,-1
272,1,ball,204,952,-1
273,22,referee,1174,533,-1
273,27,referee,1637,1006,-1
273,1,ball,233,934,-1
274,22,referee,1176,534,-1
274,27,referee,1635,1003,-1
274,1,ball,262,915,-1
275,22,referee,1177,534,-1
275,27,referee,1635,999,-1
275,117,referee,1181,473,-1
275,44,referee,1060,372,-1
275,1,ball,292,896,-1
276,22,referee,1177,533,-1
276,27,referee,1635,1000,-1
276,25,referee,1460,480,-1
276,44,referee,1060,372,-1
276,117,referee,1181,472,-1
276,1,ball,321,877,-1
277,22,referee,1178,533,-1
277,27,referee,1636,1000,-1
277,44,referee,1061,371,-1
277,117,referee,1183,473,-1
277,1,ball,350,858,-1
278,22,referee,1178,532,-1
278,27,referee,1636,1000,-1
278,44,referee,1062,371,-1
278,1,ball,379,839,-1
279,22,referee,1178,531,-1
279,27,referee,1637,1000,-1
279,44,referee,1063,371,-1
279,1,ball,408,820,-1
280,22,referee,1179,531,-1
280,27,referee,1637,998,-1
280,44,referee,1063,371,-1
280,1,ball,437,801,-1
281,22,referee,1180,532,-1
281,27,referee,1637,999,-1
281,44,referee,1063,371,-1
281,1,ball,467,783,-1
282,22,referee,1181,531,-1
282,27,referee,1637,999,-1
282,44,referee,1063,371,-1
282,1,ball,496,764,-1
283,22,referee,1182,531,-1
283,27,referee,1637,999,-1
283,44,referee,1063,370,-1
283,1,ball,525,745,-1
284,22,referee,1183,531,-1
284,27,referee,1637,999,-1
284,44,referee,1063,369,-1
284,1,ball,554,726,-1
285,27,referee,1637,999,-1
285,22,referee,1185,530,-1
285,44,referee,1064,369,-1
285,1,ball,583,707,-1
286,27,referee,1637,999,-1
286,22,referee,1183,531,-1
286,44,referee,1064,369,-1
286,1,ball,612,688,-1
287,27,referee,1636,999,-1
287,22,referee,1182,531,-1
287,44,referee,1064,369,-1
287,1,ball,642,669,-1
288,27,referee,1636,999,-1
288,22,referee,1186,531,-1
288,44,referee,1063,369,-1
288,1,ball,671,650,-1
289,11,player,758,657,2
289,27,referee,1635,999,-1
289,22,referee,1186,531,-1
289,44,referee,1062,369,-1
289,1,ball,700,632,-1
290,11,player,759,657,2
290,27,referee,1634,999,-1
290,22,referee,1186,531,-1
290,44,referee,1061,370,-1
290,1,ball,729,613,-1
291,11,player,760,657,2
291,27,referee,1633,999,-1
291,22,referee,1186,531,-1
291,44,referee,1061,369,-1
291,1,ball,758,594,-1
292,22,referee,1187,532,-1
292,27,referee,1632,999,-1
292,44,referee,1061,368,-1
292,1,ball,787,575,-1
293,22,referee,1188,531,-1
293,27,referee,1632,999,-1
293,44,referee,1060,368,-1
293,1,ball,816,556,-1
294,27,referee,1632,999,-1
294,22,referee,1188,531,-1
294,44,referee,1060,368,-1
294,1,ball,846,537,-1
295,3,player,937,520,2
295,27,referee,1632,999,-1
295,22,referee,1190,531,-1
295,44,referee,1060,368,-1
295,1,ball,875,518,-1
296,3,player,937,520,2
296,27,referee,1632,999,-1
296,22,referee,1191,531,-1
296,44,referee,1060,367,-1
296,25,referee,1494,487,-1
296,1,ball,904,499,-1
297,3,player,934,519,2
297,22,referee,1193,530,-1
297,27,referee,1631,999,-1
297,44,referee,1059,367,-1
297,1,ball,890,501,-1
298,3,player,932,520,2
298,22,referee,1194,530,-1
298,27,referee,1631,999,-1
298,44,referee,1059,367,-1
298,1,ball,877,503,-1
299,3,player,930,521,2
299,22,referee,1196,531,-1
299,27,referee,1631,999,-1
299,44,referee,1058,367,-1
299,1,ball,865,502,-1
300,3,player,925,520,2
300,27,referee,1631,999,-1
300,22,referee,1198,531,-1
300,44,referee,1058,367,-1
300,1,ball,853,502,-1
301,3,player,923,520,2
301,27,referee,1632,999,-1
301,22,referee,1201,531,-1
301,44,referee,1058,367,-1
301,1,ball,842,503,-1
302,22,referee,1201,531,-1
302,27,referee,1632,999,-1
302,44,referee,1053,366,-1
302,1,ball,830,503,-1
303,22,referee,1201,532,-1
303,27,referee,1632,999,-1
303,44,referee,1053,366,-1
303,1,ball,820,503,-1
304,22,referee,1202,531,-1
304,27,referee,1632,999,-1
304,44,referee,1053,366,-1
304,1,ball,809,504,-1
305,22,referee,1204,532,-1
305,27,referee,1632,999,-1
305,44,referee,1053,366,-1
305,1,ball,799,504,-1
306,22,referee,1205,532,-1
306,27,referee,1632,999,-1
306,44,referee,1052,366,-1
306,1,ball,789,504,-1
307,22,referee,1206,531,-1
307,27,referee,1632,999,-1
307,44,referee,1050,366,-1
307,1,ball,779,505,-1
308,22,referee,1207,531,-1
308,27,referee,1632,999,-1
308,44,referee,1048,365,-1
308,1,ball,768,504,-1
309,22,referee,1209,532,-1
309,27,referee,1632,999,-1
309,1,ball,758,504,-1
310,22,referee,1210,531,-1
310,27,referee,1632,999,-1
310,1,ball,748,506,-1
311,27,referee,1632,999,-1
311,22,referee,1211,531,-1
311,44,referee,1046,366,-1
311,1,ball,738,508,-1
312,27,referee,1631,998,-1
312,22,referee,1211,531,-1
312,44,referee,1044,365,-1
312,1,ball,730,508,-1
313,27,referee,1631,998,-1
313,22,referee,1212,532,-1
313,44,referee,1043,365,-1
313,130,referee,1211,516,-1
313,1,ball,721,507,-1
314,27,referee,1631,998,-1
314,22,referee,1213,531,-1
314,44,referee,1043,365,-1
314,1,ball,713,507,-1
315,27,referee,1630,998,-1
315,22,referee,1213,532,-1
315,44,referee,1042,366,-1
315,1,ball,705,508,-1
316,19,player,627,543,2
316,27,referee,1630,998,-1
316,22,referee,1213,532,-1
316,44,referee,1040,364,-1
316,1,ball,697,507,-1
317,19,player,625,542,2
317,22,referee,1214,532,-1
317,27,referee,1630,998,-1
317,44,referee,1038,364,-1
317,1,ball,689,507,-1
318,19,player,622,541,2
318,22,referee,1214,532,-1
318,27,referee,1630,998,-1
318,44,referee,1038,364,-1
318,1,ball,681,507,-1
319,19,player,620,539,2
319,22,referee,1213,532,-1
319,27,referee,1629,998,-1
319,44,referee,1037,363,-1
319,1,ball,674,507,-1
320,19,player,618,540,2
320,22,referee,1214,532,-1
320,27,referee,1629,998,-1
320,44,referee,1037,363,-1
320,1,ball,667,508,-1
321,19,player,616,540,2
321,22,referee,1213,532,-1
321,27,referee,1629,998,-1
321,44,referee,1036,363,-1
321,1,ball,660,508,-1
322,19,player,614,540,2
322,22,referee,1213,531,-1
322,27,referee,1629,998,-1
322,1,ball,652,509,-1
323,19,player,613,539,2
323,22,referee,1214,532,-1
323,27,referee,1629,998,-1
323,1,ball,645,509,-1
324,19,player,611,538,2
324,27,referee,1629,998,-1
324,22,referee,1214,531,-1
324,1,ball,638,509,-1
325,19,player,609,539,2
325,27,referee,1629,997,-1
325,22,referee,1215,531,-1
325,44,referee,1026,363,-1
325,1,ball,631,510,-1
326,19,player,607,539,2
326,27,referee,1629,997,-1
326,22,referee,1215,531,-1
326,44,referee,1025,361,-1
326,1,ball,623,510,-1
327,19,player,598,539,2
327,27,referee,1629,997,-1
327,22,referee,1214,531,-1
327,44,referee,1024,362,-1
327,1,ball,616,510,-1
328,19,player,596,539,2
328,27,referee,1628,996,-1
328,22,referee,1214,531,-1
328,44,referee,1023,363,-1
328,1,ball,609,511,-1
329,19,player,591,538,2
329,27,referee,1627,998,-1
329,22,referee,1215,530,-1
329,44,referee,1021,363,-1
329,1,ball,602,511,-1
330,19,player,590,537,2
330,27,referee,1625,996,-1
330,22,referee,1215,531,-1
330,44,referee,1022,362,-1
330,1,ball,594,511,-1
331,19,player,587,538,2
331,27,referee,1624,996,-1
331,22,referee,1215,531,-1
331,44,referee,1021,362,-1
331,1,ball,587,512,-1
332,19,player,585,537,2
332,27,referee,1621,995,-1
332,22,referee,1215,531,-1
332,44,referee,1018,363,-1
332,1,ball,580,512,-1
333,19,player,581,538,2
333,27,referee,1620,995,-1
333,22,referee,1216,531,-1
333,44,referee,1017,362,-1
333,1,ball,573,513,-1
334,19,player,576,538,2
334,27,referee,1618,996,-1
334,22,referee,1216,530,-1
334,44,referee,1016,363,-1
334,1,ball,566,513,-1
335,19,player,572,539,2
335,27,referee,1615,996,-1
335,22,referee,1216,530,-1
335,44,referee,1016,361,-1
335,1,ball,558,513,-1
336,19,player,566,538,2
336,27,referee,1613,996,-1
336,22,referee,1217,530,-1
336,44,referee,1015,362,-1
336,1,ball,551,514,-1
337,19,player,564,538,2
337,27,referee,1613,995,-1
337,22,referee,1217,530,-1
337,44,referee,1014,362,-1
337,1,ball,544,514,-1
338,19,player,558,537,2
338,27,referee,1612,995,-1
338,22,referee,1217,531,-1
338,44,referee,1013,363,-1
338,1,ball,537,514,-1
339,19,player,555,537,2
339,27,referee,1612,996,-1
339,22,referee,1218,530,-1
339,44,referee,1012,363,-1
339,1,ball,529,515,-1
340,19,player,552,539,2
340,27,referee,1612,995,-1
340,22,referee,1218,530,-1
340,44,referee,1012,363,-1
340,1,ball,522,515,-1
341,19,player,551,539,2
341,27,referee,1612,995,-1
341,22,referee,1219,530,-1
341,44,referee,1012,362,-1
341,1,ball,515,516,-1
342,19,player,546,540,2
342,27,referee,1612,995,-1
342,22,referee,1221,530,-1
342,44,referee,1012,363,-1
342,1,ball,508,516,-1
343,19,player,544,540,2
343,27,referee,1612,995,-1
343,22,referee,1222,530,-1
343,1,ball,501,516,-1
344,19,player,541,539,2
344,27,referee,1613,995,-1
344,22,referee,1223,531,-1
344,1,ball,495,516,-1
345,19,player,533,539,2
345,27,referee,1613,995,-1
345,22,referee,1223,530,-1
345,1,ball,489,515,-1
346,19,player,531,538,2
346,27,referee,1614,994,-1
346,22,referee,1225,529,-1
346,1,ball,483,515,-1
347,19,player,526,538,2
347,27,referee,1615,994,-1
347,22,referee,1225,529,-1
347,44,referee,1002,361,-1
347,1,ball,476,515,-1
348,19,player,524,540,2
348,27,referee,1616,995,-1
348,22,referee,1225,529,-1
348,44,referee,1000,359,-1
348,1,ball,470,514,-1
349,19,player,522,541,2
349,27,referee,1617,995,-1
349,22,referee,1225,529,-1
349,44,referee,999,358,-1
349,1,ball,464,514,-1
350,19,player,517,542,2
350,27,referee,1618,994,-1
350,22,referee,1226,530,-1
350,44,referee,998,358,-1
350,1,ball,458,514,-1
351,19,player,514,542,2
351,27,referee,1619,995,-1
351,22,referee,1226,530,-1
351,44,referee,998,361,-1
351,1,ball,452,515,-1
352,19,player,512,540,2
352,27,referee,1619,995,-1
352,22,referee,1227,529,-1
352,44,referee,998,361,-1
352,1,ball,446,515,-1
353,2,player,369,515,2
353,27,referee,1620,994,-1
353,22,referee,1228,529,-1
353,44,referee,996,361,-1
353,1,ball,440,515,-1
354,2,player,367,515,2
354,27,referee,1620,993,-1
354,22,referee,1229,529,-1
354,44,referee,995,360,-1
354,1,ball,434,515,-1
355,2,player,366,515,2
355,27,referee,1621,994,-1
355,22,referee,1231,529,-1
355,44,referee,995,360,-1
355,1,ball,429,515,-1
356,2,player,366,515,2
356,27,referee,1622,994,-1
356,22,referee,1233,528,-1
356,44,referee,995,359,-1
356,1,ball,423,515,-1
357,2,player,365,515,2
357,27,referee,1623,992,-1
357,22,referee,1236,528,-1
357,44,referee,994,359,-1
357,1,ball,417,516,-1
358,2,player,365,515,2
358,27,referee,1623,988,-1
358,22,referee,1237,528,-1
358,44,referee,993,359,-1
358,1,ball,411,516,-1
359,2,player,364,515,2
359,27,referee,1624,987,-1
359,22,referee,1238,527,-1
359,44,referee,992,359,-1
359,1,ball,406,516,-1
360,2,player,363,514,2
360,27,referee,1625,988,-1
360,22,referee,1239,528,-1
360,44,referee,991,359,-1
360,1,ball,402,516,-1
361,2,player,363,516,2
361,27,referee,1626,991,-1
361,22,referee,1241,528,-1
361,44,referee,990,358,-1
361,1,ball,401,517,-1
362,2,player,363,516,2
362,27,referee,1626,993,-1
362,22,referee,1242,529,-1
362,44,referee,990,358,-1
362,1,ball,399,519,-1
363,2,player,362,515,2
363,27,referee,1627,994,-1
363,22,referee,1244,528,-1
363,44,referee,989,359,-1
363,1,ball,398,520,-1
364,2,player,362,517,2
364,27,referee,1627,995,-1
364,22,referee,1245,529,-1
364,44,referee,987,359,-1
364,1,ball,397,521,-1
365,2,player,363,519,2
365,27,referee,1628,996,-1
365,22,referee,1246,529,-1
365,44,referee,986,359,-1
365,1,ball,395,523,-1
366,2,player,361,521,2
366,27,referee,1629,996,-1
366,22,referee,1246,530,-1
366,1,ball,394,524,-1
367,2,player,361,521,2
367,27,referee,1630,997,-1
367,22,referee,1248,530,-1
367,1,ball,392,525,-1
368,2,player,360,522,2
368,27,referee,1630,997,-1
368,22,referee,1248,530,-1
368,1,ball,391,526,-1
369,2,player,360,525,2
369,27,referee,1631,996,-1
369,22,referee,1248,529,-1
369,44,referee,983,360,-1
369,1,ball,390,528,-1
370,2,player,359,527,2
370,27,referee,1632,995,-1
370,22,referee,1250,529,-1
370,44,referee,982,359,-1
370,1,ball,388,529,-1
371,2,player,358,529,2
371,27,referee,1634,995,-1
371,22,referee,1252,528,-1
371,44,referee,981,358,-1
371,1,ball,387,530,-1
372,2,player,358,532,2
372,27,referee,1635,994,-1
372,22,referee,1253,527,-1
372,44,referee,978,356,-1
372,1,ball,386,532,-1
373,2,player,357,533,2
373,27,referee,1636,994,-1
373,22,referee,1254,527,-1
373,44,referee,977,358,-1
373,1,ball,384,533,-1
374,2,player,356,534,2
374,27,referee,1637,994,-1
374,22,referee,1255,525,-1
374,44,referee,975,356,-1
374,1,ball,383,534,-1
375,2,player,354,528,2
375,27,referee,1639,995,-1
375,22,referee,1256,525,-1
375,44,referee,974,355,-1
375,1,ball,381,536,-1
376,2,player,354,522,2
376,27,referee,1641,995,-1
376,22,referee,1257,525,-1
376,44,referee,972,356,-1
376,1,ball,380,537,-1
377,2,player,353,523,2
377,27,referee,1642,994,-1
377,22,referee,1258,525,-1
377,44,referee,971,355,-1
377,1,ball,379,538,-1
378,2,player,352,522,2
378,27,referee,1644,994,-1
378,22,referee,1259,524,-1
378,44,referee,971,356,-1
378,1,ball,377,540,-1
379,2,player,350,522,2
379,27,referee,1645,994,-1
379,22,referee,1260,525,-1
379,44,referee,971,356,-1
379,1,ball,376,541,-1
380,2,player,350,523,2
380,27,referee,1646,995,-1
380,22,referee,1261,525,-1
380,44,referee,969,355,-1
380,1,ball,375,542,-1
381,2,player,349,524,2
381,27,referee,1647,994,-1
381,44,referee,968,355,-1
381,22,referee,1262,526,-1
381,1,ball,373,543,-1
382,2,player,347,523,2
382,27,referee,1649,995,-1
382,44,referee,966,355,-1
382,22,referee,1265,526,-1
382,1,ball,372,545,-1
383,2,player,346,525,2
383,27,referee,1650,995,-1
383,22,referee,1266,526,-1
383,44,referee,965,355,-1
383,1,ball,370,546,-1
384,2,player,345,525,2
384,27,referee,1653,997,-1
384,22,referee,1267,526,-1
384,44,referee,965,355,-1
384,1,ball,369,547,-1
385,2,player,344,525,2
385,27,referee,1655,996,-1
385,22,referee,1268,525,-1
385,44,referee,964,355,-1
385,1,ball,368,549,-1
386,2,player,343,524,2
386,27,referee,1656,996,-1
386,22,referee,1270,525,-1
386,1,ball,366,550,-1
387,2,player,341,525,2
387,27,referee,1658,990,-1
387,22,referee,1272,525,-1
387,1,ball,365,551,-1
388,19,player,404,562,2
388,27,referee,1662,990,-1
388,1,ball,364,553,-1
389,19,player,401,563,2
389,27,referee,1664,993,-1
389,1,ball,362,554,-1
390,19,player,397,560,2
390,27,referee,1665,992,-1
390,1,ball,361,555,-1
391,19,player,394,561,2
391,27,referee,1666,994,-1
391,1,ball,359,556,-1
392,19,player,391,563,2
392,27,referee,1668,996,-1
392,1,ball,358,558,-1
393,19,player,387,563,2
393,27,referee,1672,998,-1
393,1,ball,357,559,-1
394,19,player,383,563,2
394,27,referee,1674,998,-1
394,1,ball,356,559,-1
395,19,player,373,565,2
395,27,referee,1675,995,-1
395,1,ball,367,549,-1
396,19,player,370,566,2
396,27,referee,1677,996,-1
396,1,ball,378,539,-1
397,19,player,369,567,2
397,27,referee,1679,997,-1
397,44,referee,954,355,-1
397,1,ball,389,530,-1
398,19,player,367,566,2
398,27,referee,1681,997,-1
398,22,referee,1285,521,-1
398,44,referee,953,355,-1
398,1,ball,400,520,-1
399,19,player,366,567,2
399,27,referee,1683,996,-1
399,44,referee,952,354,-1
399,22,referee,1286,521,-1
399,1,ball,411,510,-1
400,27,referee,1686,996,-1
400,44,referee,950,353,-1
400,25,referee,1626,486,-1
400,22,referee,1287,521,-1
400,1,ball,421,500,-1
401,27,referee,1688,993,-1
401,44,referee,948,352,-1
401,1,ball,432,491,-1
402,27,referee,1692,994,-1
402,44,referee,947,351,-1
402,1,ball,443,481,-1
403,27,referee,1694,994,-1
403,44,referee,946,351,-1
403,1,ball,454,471,-1
404,27,referee,1699,993,-1
404,44,referee,944,350,-1
404,1,ball,453,471,-1
405,27,referee,1702,991,-1
405,44,referee,943,349,-1
405,150,referee,1333,368,-1
405,22,referee,1291,515,-1
405,1,ball,453,471,-1
406,27,referee,1705,993,-1
406,44,referee,939,351,-1
406,22,referee,1291,514,-1
406,1,ball,452,471,-1
407,27,referee,1707,997,-1
407,44,referee,938,351,-1
407,22,referee,1291,517,-1
407,1,ball,452,473,-1
408,27,referee,1707,997,-1
408,44,referee,937,352,-1
408,1,ball,451,474,-1
409,27,referee,1711,999,-1
409,44,referee,935,352,-1
409,1,ball,450,476,-1
410,27,referee,1712,998,-1
410,44,referee,933,350,-1
410,1,ball,449,477,-1
411,27,referee,1715,999,-1
411,44,referee,931,349,-1
411,1,ball,448,479,-1
412,27,referee,1718,1000,-1
412,44,referee,930,348,-1
412,1,ball,448,481,-1
413,27,referee,1720,1000,-1
413,44,referee,927,349,-1
413,22,referee,1291,508,-1
413,1,ball,447,482,-1
414,27,referee,1722,999,-1
414,44,referee,926,349,-1
414,1,ball,446,484,-1
415,27,referee,1724,999,-1
415,44,referee,924,348,-1
415,1,ball,445,485,-1
416,27,referee,1724,997,-1
416,44,referee,921,349,-1
416,1,ball,445,487,-1
417,27,referee,1724,995,-1
417,44,referee,920,349,-1
417,1,ball,444,489,-1
418,27,referee,1722,986,-1
418,44,referee,918,349,-1
418,22,referee,1289,515,-1
418,155,referee,1288,521,-1
418,1,ball,443,490,-1
419,27,referee,1720,983,-1
419,44,referee,917,350,-1
419,22,referee,1288,518,-1
419,155,referee,1287,521,-1
419,1,ball,442,492,-1
420,27,referee,1718,981,-1
420,155,referee,1286,523,-1
420,44,referee,915,348,-1
420,1,ball,441,494,-1
421,27,referee,1717,986,-1
421,22,referee,1285,524,-1
421,44,referee,915,349,-1
421,1,ball,441,495,-1
422,27,referee,1713,985,-1
422,22,referee,1282,527,-1
422,1,ball,440,497,-1
423,27,referee,1711,983,-1
423,22,referee,1282,525,-1
423,1,ball,439,498,-1
424,27,referee,1711,981,-1
424,22,referee,1282,524,-1
424,1,ball,438,500,-1
425,27,referee,1709,978,-1
425,22,referee,1281,526,-1
425,155,referee,1280,509,-1
425,44,referee,907,351,-1
425,1,ball,438,502,-1
426,27,referee,1705,978,-1
426,22,referee,1280,525,-1
426,155,referee,1279,516,-1
426,44,referee,907,351,-1
426,1,ball,437,503,-1
427,27,referee,1704,978,-1
427,155,referee,1279,524,-1
427,44,referee,904,351,-1
427,1,ball,436,505,-1
428,27,referee,1701,976,-1
428,155,referee,1278,525,-1
428,44,referee,904,352,-1
428,1,ball,435,506,-1
429,27,referee,1700,975,-1
429,44,referee,902,352,-1
429,155,referee,1275,524,-1
429,1,ball,434,508,-1
430,27,referee,1701,974,-1
430,44,referee,902,352,-1
430,155,referee,1276,526,-1
430,1,ball,434,510,-1
431,27,referee,1701,974,-1
431,44,referee,900,352,-1
431,155,referee,1276,526,-1
431,1,ball,433,511,-1
432,27,referee,1702,975,-1
432,44,referee,899,352,-1
432,155,referee,1275,525,-1
432,1,ball,432,513,-1
433,27,referee,1703,977,-1
433,44,referee,898,351,-1
433,155,referee,1275,525,-1
433,1,ball,431,514,-1
434,27,referee,1704,975,-1
434,44,referee,897,352,-1
434,155,referee,1274,525,-1
434,1,ball,430,516,-1
435,27,referee,1705,975,-1
435,44,referee,896,351,-1
435,155,referee,1273,524,-1
435,1,ball,430,518,-1
436,27,referee,1705,976,-1
436,155,referee,1272,524,-1
436,44,referee,895,352,-1
436,1,ball,429,519,-1
437,27,referee,1706,975,-1
437,155,referee,1271,524,-1
437,44,referee,894,353,-1
437,1,ball,428,521,-1
438,27,referee,1707,975,-1
438,155,referee,1271,524,-1
438,44,referee,893,352,-1
438,1,ball,427,523,-1
439,27,referee,1708,976,-1
439,155,referee,1270,524,-1
439,44,referee,891,352,-1
439,1,ball,427,524,-1
440,27,referee,1709,975,-1
440,155,referee,1270,524,-1
440,44,referee,890,352,-1
440,1,ball,426,526,-1
441,27,referee,1712,976,-1
441,155,referee,1271,524,-1
441,44,referee,890,352,-1
441,1,ball,425,527,-1
442,27,referee,1712,975,-1
442,155,referee,1271,524,-1
442,44,referee,891,351,-1
442,1,ball,424,529,-1
443,27,referee,1714,975,-1
443,155,referee,1270,524,-1
443,44,referee,890,352,-1
443,1,ball,423,531,-1
444,27,referee,1715,976,-1
444,155,referee,1270,524,-1
444,44,referee,888,352,-1
444,1,ball,423,532,-1
445,27,referee,1715,976,-1
445,155,referee,1269,524,-1
445,44,referee,888,352,-1
445,1,ball,429,530,-1
446,27,referee,1715,977,-1
446,155,referee,1268,525,-1
446,44,referee,887,351,-1
446,1,ball,436,527,-1
447,27,referee,1715,977,-1
447,155,referee,1267,525,-1
447,44,referee,886,351,-1
447,1,ball,443,525,-1
448,27,referee,1714,979,-1
448,155,referee,1267,525,-1
448,44,referee,885,352,-1
448,1,ball,447,523,-1
449,27,referee,1714,978,-1
449,155,referee,1266,523,-1
449,44,referee,884,352,-1
449,1,ball,450,521,-1
450,27,referee,1714,979,-1
450,155,referee,1266,524,-1
450,44,referee,883,351,-1
450,1,ball,454,520,-1
451,27,referee,1714,979,-1
451,155,referee,1265,525,-1
451,44,referee,883,351,-1
451,1,ball,457,518,-1
452,27,referee,1714,979,-1
452,155,referee,1264,525,-1
452,44,referee,883,351,-1
452,1,ball,461,517,-1
453,27,referee,1714,979,-1
453,44,referee,882,350,-1
453,155,referee,1263,524,-1
453,1,ball,465,516,-1
454,27,referee,1713,980,-1
454,44,referee,880,351,-1
454,155,referee,1261,523,-1
454,1,ball,469,514,-1
455,27,referee,1713,980,-1
455,44,referee,878,351,-1
455,1,ball,473,513,-1
456,27,referee,1713,979,-1
456,44,referee,878,351,-1
456,155,referee,1258,522,-1
456,1,ball,477,512,-1
457,27,referee,1713,979,-1
457,44,referee,878,351,-1
457,155,referee,1257,521,-1
457,1,ball,481,511,-1
458,27,referee,1713,978,-1
458,44,referee,878,350,-1
458,155,referee,1257,522,-1
458,1,ball,485,509,-1
459,27,referee,1713,978,-1
459,44,referee,878,350,-1
459,1,ball,489,508,-1
460,12,player,566,496,1
460,27,referee,1712,979,-1
460,44,referee,878,350,-1
460,1,ball,492,507,-1
461,12,player,561,496,1
461,27,referee,1712,979,-1
461,44,referee,878,350,-1
461,1,ball,496,505,-1
462,12,player,558,497,1
462,27,referee,1712,979,-1
462,44,referee,877,350,-1
462,1,ball,499,505,-1
463,12,player,554,496,1
463,27,referee,1711,979,-1
463,44,referee,877,350,-1
463,1,ball,501,504,-1
464,12,player,550,496,1
464,27,referee,1711,980,-1
464,44,referee,876,350,-1
464,1,ball,504,503,-1
465,12,player,546,498,1
465,27,referee,1711,979,-1
465,44,referee,876,350,-1
465,1,ball,507,502,-1
466,12,player,542,500,1
466,27,referee,1710,979,-1
466,44,referee,876,350,-1
466,1,ball,509,501,-1
467,12,player,539,499,1
467,27,referee,1709,978,-1
467,44,referee,875,351,-1
467,1,ball,512,501,-1
468,12,player,532,499,1
468,27,referee,1709,979,-1
468,44,referee,874,351,-1
468,1,ball,508,502,-1
469,12,player,528,501,1
469,27,referee,1709,979,-1
469,44,referee,873,351,-1
469,155,referee,1245,530,-1
469,1,ball,504,502,-1
470,12,player,524,503,1
470,27,referee,1709,979,-1
470,155,referee,1243,529,-1
470,44,referee,873,351,-1
470,1,ball,500,503,-1
471,12,player,523,504,1
471,27,referee,1708,979,-1
471,155,referee,1243,530,-1
471,44,referee,873,350,-1
471,1,ball,496,504,-1
472,12,player,522,503,1
472,27,referee,1709,980,-1
472,155,referee,1241,530,-1
472,44,referee,873,351,-1
472,1,ball,493,505,-1
473,12,player,518,502,1
473,27,referee,1709,980,-1
473,155,referee,1239,530,-1
473,44,referee,872,351,-1
473,1,ball,489,506,-1
474,12,player,515,503,1
474,27,referee,1709,981,-1
474,155,referee,1237,529,-1
474,44,referee,871,351,-1
474,1,ball,484,510,-1
475,12,player,511,501,1
475,27,referee,1710,982,-1
475,155,referee,1236,529,-1
475,44,referee,871,351,-1
475,1,ball,479,514,-1
476,12,player,507,503,1
476,27,referee,1711,982,-1
476,155,referee,1235,530,-1
476,44,referee,871,351,-1
476,1,ball,474,518,-1
477,12,player,505,503,1
477,27,referee,1712,982,-1
477,155,referee,1234,530,-1
477,44,referee,871,351,-1
477,1,ball,469,522,-1
478,12,player,504,502,1
478,27,referee,1713,982,-1
478,155,referee,1233,530,-1
478,44,referee,871,351,-1
478,1,ball,464,525,-1
479,12,player,502,501,1
479,27,referee,1713,981,-1
479,155,referee,1232,531,-1
479,44,referee,871,350,-1
479,1,ball,459,529,-1
480,12,player,499,502,1
480,27,referee,1714,983,-1
480,155,referee,1231,531,-1
480,44,referee,871,351,-1
480,1,ball,453,532,-1
481,12,player,497,502,1
481,27,referee,1715,984,-1
481,155,referee,1230,531,-1
481,44,referee,871,351,-1
481,1,ball,448,535,-1
482,12,player,493,502,1
482,27,referee,1716,984,-1
482,155,referee,1229,531,-1
482,44,referee,871,351,-1
482,1,ball,442,538,-1
483,12,player,489,502,1
483,27,referee,1716,985,-1
483,155,referee,1227,532,-1
483,44,referee,870,350,-1
483,1,ball,437,542,-1
484,12,player,484,503,1
484,27,referee,1716,985,-1
484,155,referee,1226,532,-1
484,44,referee,869,350,-1
484,1,ball,431,545,-1
485,12,player,482,503,1
485,27,referee,1717,985,-1
485,155,referee,1226,533,-1
485,44,referee,869,350,-1
485,1,ball,426,548,-1
486,27,referee,1717,985,-1
486,155,referee,1225,534,-1
486,15,referee,1171,463,-1
486,44,referee,869,350,-1
486,1,ball,423,551,-1
487,27,referee,1720,984,-1
487,155,referee,1223,534,-1
487,44,referee,868,350,-1
487,1,ball,418,555,-1
488,27,referee,1720,983,-1
488,155,referee,1222,534,-1
488,44,referee,868,351,-1
488,1,ball,412,559,-1
489,27,referee,1722,983,-1
489,44,referee,868,350,-1
489,155,referee,1221,534,-1
489,1,ball,409,564,-1
490,27,referee,1723,983,-1
490,155,referee,1219,535,-1
490,44,referee,868,350,-1
490,1,ball,405,568,-1
491,27,referee,1724,982,-1
491,155,referee,1218,535,-1
491,44,referee,867,350,-1
491,1,ball,400,570,-1
492,157,player,317,588,2
492,27,referee,1726,982,-1
492,155,referee,1216,535,-1
492,44,referee,867,350,-1
492,1,ball,396,572,-1
493,157,player,318,591,2
493,27,referee,1726,982,-1
493,155,referee,1215,535,-1
493,44,referee,867,350,-1
493,1,ball,392,574,-1
494,157,player,318,594,2
494,27,referee,1727,983,-1
494,155,referee,1214,536,-1
494,44,referee,867,350,-1
494,1,ball,389,577,-1
495,157,player,318,594,2
495,27,referee,1727,984,-1
495,155,referee,1214,535,-1
495,1,ball,385,580,-1
496,157,player,318,597,2
496,27,referee,1727,985,-1
496,155,referee,1213,535,-1
496,1,ball,382,583,-1
497,157,player,318,597,2
497,27,referee,1727,984,-1
497,155,referee,1212,535,-1
497,1,ball,378,586,-1
498,157,player,317,597,2
498,27,referee,1727,984,-1
498,155,referee,1210,535,-1
498,1,ball,374,589,-1
499,157,player,317,596,2
499,27,referee,1728,984,-1
499,155,referee,1209,535,-1
499,1,ball,371,591,-1
500,157,player,317,595,2
500,27,referee,1727,984,-1
500,155,referee,1208,535,-1
500,1,ball,367,594,-1
501,157,player,317,600,2
501,27,referee,1727,983,-1
501,155,referee,1207,536,-1
501,1,ball,364,597,-1
502,157,player,317,603,2
502,27,referee,1728,981,-1
502,155,referee,1206,535,-1
502,1,ball,361,599,-1
503,157,player,316,604,2
503,27,referee,1728,980,-1
503,155,referee,1205,536,-1
503,1,ball,357,601,-1
504,157,player,317,607,2
504,27,referee,1730,981,-1
504,155,referee,1205,536,-1
504,1,ball,354,603,-1
505,157,player,317,607,2
505,27,referee,1730,981,-1
505,155,referee,1203,537,-1
505,1,ball,352,606,-1
506,157,player,316,606,2
506,27,referee,1731,981,-1
506,155,referee,1202,538,-1
506,15,referee,1144,469,-1
506,1,ball,350,608,-1
507,157,player,316,607,2
507,27,referee,1731,981,-1
507,155,referee,1202,538,-1
507,1,ball,347,610,-1
508,157,player,315,611,2
508,27,referee,1732,979,-1
508,155,referee,1201,539,-1
508,1,ball,344,612,-1
509,157,player,316,614,2
509,27,referee,1735,978,-1
509,15,referee,1142,471,-1
509,1,ball,341,614,-1
510,157,player,315,615,2
510,27,referee,1735,977,-1
510,1,ball,338,617,-1
511,157,player,315,618,2
511,27,referee,1736,973,-1
511,1,ball,335,619,-1
512,157,player,315,619,2
512,27,referee,1737,972,-1
512,1,ball,332,621,-1
513,157,player,315,618,2
513,27,referee,1738,973,-1
513,155,referee,1197,541,-1
513,1,ball,329,623,-1
514,157,player,315,618,2
514,27,referee,1738,971,-1
514,155,referee,1196,541,-1
514,1,ball,327,625,-1
515,157,player,314,616,2
515,27,referee,1739,973,-1
515,155,referee,1196,541,-1
515,1,ball,324,628,-1
516,157,player,314,636,2
516,27,referee,1741,973,-1
516,155,referee,1195,542,-1
516,1,ball,321,630,-1
517,157,player,313,638,2
517,27,referee,1741,972,-1
517,155,referee,1194,542,-1
517,1,ball,318,632,-1
518,157,player,312,638,2
518,27,referee,1742,971,-1
518,155,referee,1194,542,-1
518,1,ball,315,634,-1
519,157,player,309,642,2
519,27,referee,1743,970,-1
519,155,referee,1193,543,-1
519,1,ball,312,637,-1
520,157,player,309,643,2
520,27,referee,1743,970,-1
520,155,referee,1192,542,-1
520,15,referee,1143,477,-1
520,1,ball,309,639,-1
521,157,player,308,642,2
521,27,referee,1744,970,-1
521,155,referee,1191,541,-1
521,1,ball,306,641,-1
522,157,player,306,648,2
522,27,referee,1744,971,-1
522,155,referee,1191,542,-1
522,15,referee,1143,477,-1
522,1,ball,303,643,-1
523,157,player,305,641,2
523,27,referee,1745,970,-1
523,155,referee,1190,544,-1
523,15,referee,1143,477,-1
523,1,ball,301,645,-1
524,157,player,304,645,2
524,27,referee,1746,970,-1
524,155,referee,1189,542,-1
524,15,referee,1144,478,-1
524,1,ball,296,646,-1
525,157,player,303,646,2
525,27,referee,1746,971,-1
525,155,referee,1189,542,-1
525,15,referee,1145,479,-1
525,1,ball,324,601,-1
526,12,player,362,517,1
526,155,referee,1187,542,-1
526,27,referee,1746,969,-1
526,44,referee,857,342,-1
526,1,ball,351,556,-1
527,12,player,359,517,1
527,155,referee,1187,543,-1
527,27,referee,1745,970,-1
527,44,referee,856,342,-1
527,181,referee,1145,481,-1
527,1,ball,378,511,-1
528,12,player,356,518,1
528,27,referee,1745,971,-1
528,155,referee,1184,546,-1
528,44,referee,855,341,-1
528,1,ball,406,466,-1
529,12,player,353,518,1
529,27,referee,1744,965,-1
529,155,referee,1183,545,-1
529,44,referee,854,341,-1
529,1,ball,407,466,-1
530,12,player,348,517,1
530,27,referee,1744,963,-1
530,155,referee,1182,545,-1
530,44,referee,853,342,-1
530,1,ball,408,465,-1
531,12,player,348,517,1
531,27,referee,1743,961,-1
531,155,referee,1180,546,-1
531,44,referee,853,342,-1
531,1,ball,409,465,-1
532,12,player,347,516,1
532,155,referee,1178,545,-1
532,27,referee,1740,954,-1
532,44,referee,853,342,-1
532,1,ball,410,464,-1
533,12,player,346,517,1
533,155,referee,1175,545,-1
533,27,referee,1736,954,-1
533,44,referee,853,342,-1
533,1,ball,395,487,-1
534,12,player,345,518,1
534,155,referee,1174,543,-1
534,44,referee,852,341,-1
534,27,referee,1732,951,-1
534,1,ball,381,509,-1
535,12,player,345,518,1
535,155,referee,1173,541,-1
535,44,referee,852,341,-1
535,27,referee,1729,950,-1
535,1,ball,366,532,-1
536,12,player,342,520,1
536,155,referee,1172,539,-1
536,44,referee,852,341,-1
536,27,referee,1725,946,-1
536,1,ball,352,554,-1
537,12,player,339,520,1
537,155,referee,1170,539,-1
537,44,referee,852,341,-1
537,27,referee,1722,928,-1
537,1,ball,337,577,-1
538,155,referee,1170,540,-1
538,44,referee,853,342,-1
538,27,referee,1719,930,-1
538,1,ball,323,599,-1
539,157,player,301,669,2
539,155,referee,1170,541,-1
539,27,referee,1717,932,-1
539,44,referee,853,343,-1
539,1,ball,308,622,-1
540,157,player,302,668,2
540,155,referee,1170,541,-1
540,44,referee,853,343,-1
540,27,referee,1714,928,-1
540,1,ball,294,644,-1
541,157,player,300,670,2
541,155,referee,1170,541,-1
541,44,referee,855,344,-1
541,27,referee,1712,919,-1
541,1,ball,279,667,-1
542,157,player,301,671,2
542,155,referee,1170,541,-1
542,44,referee,856,345,-1
542,27,referee,1710,919,-1
542,15,referee,1155,486,-1
542,1,ball,280,666,-1
543,157,player,302,673,2
543,155,referee,1170,542,-1
543,27,referee,1707,919,-1
543,44,referee,856,346,-1
543,1,ball,279,667,-1
544,157,player,303,674,2
544,27,referee,1704,924,-1
544,155,referee,1170,542,-1
544,44,referee,857,347,-1
544,1,ball,279,667,-1
545,157,player,305,673,2
545,155,referee,1170,543,-1
545,27,referee,1702,920,-1
545,44,referee,859,348,-1
545,1,ball,279,667,-1
546,157,player,307,673,2
546,155,referee,1170,542,-1
546,27,referee,1701,922,-1
546,1,ball,279,667,-1
547,157,player,309,674,2
547,27,referee,1700,923,-1
547,155,referee,1170,542,-1
547,1,ball,280,667,-1
548,157,player,309,675,2
548,27,referee,1698,920,-1
548,155,referee,1169,541,-1
548,15,referee,1168,493,-1
548,1,ball,280,667,-1
549,157,player,306,675,2
549,27,referee,1696,920,-1
549,155,referee,1169,541,-1
549,1,ball,280,669,-1
550,157,player,304,676,2
550,155,referee,1169,541,-1
550,27,referee,1693,916,-1
550,1,ball,280,669,-1
551,157,player,304,676,2
551,27,referee,1692,915,-1
551,155,referee,1167,540,-1
551,1,ball,280,669,-1
552,157,player,305,676,2
552,27,referee,1689,913,-1
552,155,referee,1167,540,-1
552,1,ball,283,670,-1
553,157,player,304,675,2
553,27,referee,1688,907,-1
553,155,referee,1167,539,-1
553,1,ball,282,669,-1
554,157,player,303,675,2
554,27,referee,1686,903,-1
554,155,referee,1165,539,-1
554,1,ball,280,669,-1
555,157,player,301,674,2
555,27,referee,1685,902,-1
555,155,referee,1165,538,-1
555,1,ball,280,669,-1
556,157,player,300,674,2
556,27,referee,1686,900,-1
556,155,referee,1165,537,-1
556,1,ball,279,668,-1
557,157,player,297,673,2
557,155,referee,1166,537,-1
557,27,referee,1688,900,-1
557,1,ball,278,669,-1
558,157,player,294,674,2
558,27,referee,1689,900,-1
558,155,referee,1166,537,-1
558,1,ball,277,669,-1
559,157,player,289,675,2
559,155,referee,1166,536,-1
559,27,referee,1691,900,-1
559,1,ball,274,669,-1
560,157,player,281,677,2
560,27,referee,1691,899,-1
560,155,referee,1165,535,-1
560,1,ball,272,669,-1
561,157,player,279,678,2
561,27,referee,1691,898,-1
561,155,referee,1164,536,-1
561,1,ball,269,670,-1
562,157,player,275,679,2
562,27,referee,1692,899,-1
562,155,referee,1164,535,-1
562,186,referee,870,346,-1
562,1,ball,266,670,-1
563,157,player,276,680,2
563,27,referee,1693,899,-1
563,155,referee,1163,534,-1
563,186,referee,871,346,-1
563,1,ball,264,671,-1
564,157,player,274,681,2
564,155,referee,1162,536,-1
564,27,referee,1694,898,-1
564,186,referee,873,345,-1
564,1,ball,261,671,-1
565,157,player,269,680,2
565,155,referee,1161,536,-1
565,27,referee,1695,898,-1
565,186,referee,873,345,-1
565,1,ball,258,672,-1
566,157,player,267,681,2
566,155,referee,1160,536,-1
566,27,referee,1695,899,-1
566,186,referee,873,344,-1
566,1,ball,256,673,-1
567,157,player,265,681,2
567,27,referee,1696,899,-1
567,155,referee,1157,537,-1
567,186,referee,873,344,-1
567,1,ball,253,673,-1
568,157,player,264,681,2
568,27,referee,1696,898,-1
568,155,referee,1154,537,-1
568,186,referee,873,344,-1
568,1,ball,251,674,-1
569,157,player,262,682,2
569,27,referee,1696,898,-1
569,186,referee,873,344,-1
569,155,referee,1150,538,-1
569,1,ball,248,674,-1
570,157,player,259,683,2
570,27,referee,1696,898,-1
570,186,referee,873,344,-1
570,155,referee,1147,538,-1
570,1,ball,245,675,-1
571,157,player,256,682,2
571,155,referee,1147,537,-1
571,27,referee,1696,897,-1
571,186,referee,874,342,-1
571,1,ball,243,675,-1
572,157,player,251,683,2
572,155,referee,1146,536,-1
572,27,referee,1697,898,-1
572,186,referee,874,343,-1
572,1,ball,240,676,-1
573,157,player,249,683,2
573,155,referee,1146,539,-1
573,27,referee,1696,899,-1
573,186,referee,875,343,-1
573,1,ball,238,677,-1
574,157,player,249,685,2
574,155,referee,1145,539,-1
574,27,referee,1696,899,-1
574,186,referee,876,342,-1
574,1,ball,237,677,-1
575,157,player,244,684,2
575,155,referee,1144,540,-1
575,27,referee,1697,897,-1
575,186,referee,876,343,-1
575,1,ball,234,674,-1
576,157,player,242,684,2
576,155,referee,1143,541,-1
576,27,referee,1696,895,-1
576,186,referee,876,342,-1
576,1,ball,232,672,-1
577,157,player,240,683,2
577,155,referee,1141,541,-1
577,27,referee,1694,893,-1
577,186,referee,876,342,-1
577,1,ball,230,669,-1
578,157,player,235,682,2
578,155,referee,1138,541,-1
578,27,referee,1693,893,-1
578,186,referee,877,341,-1
578,1,ball,228,666,-1
579,157,player,233,682,2
579,155,referee,1134,542,-1
579,27,referee,1693,880,-1
579,186,referee,879,341,-1
579,1,ball,225,663,-1
580,106,player,261,654,2
580,155,referee,1133,542,-1
580,27,referee,1694,878,-1
580,186,referee,881,341,-1
580,1,ball,223,660,-1
581,157,player,231,677,2
581,155,referee,1134,542,-1
581,27,referee,1696,876,-1
581,186,referee,884,341,-1
581,1,ball,221,658,-1
582,157,player,237,679,2
582,155,referee,1136,543,-1
582,27,referee,1698,877,-1
582,186,referee,885,341,-1
582,1,ball,219,655,-1
583,157,player,238,678,2
583,155,referee,1137,544,-1
583,27,referee,1701,887,-1
583,186,referee,890,341,-1
583,1,ball,216,652,-1
584,106,player,257,666,2
584,155,referee,1137,545,-1
584,27,referee,1703,877,-1
584,186,referee,894,341,-1
584,1,ball,214,649,-1
585,106,player,260,662,2
585,155,referee,1137,547,-1
585,186,referee,896,340,-1
585,27,referee,1704,893,-1
585,1,ball,212,646,-1
586,106,player,257,661,2
586,155,referee,1136,546,-1
586,27,referee,1706,896,-1
586,186,referee,898,340,-1
586,1,ball,209,644,-1
587,193,player,247,672,2
587,27,referee,1707,897,-1
587,155,referee,1133,546,-1
587,186,referee,901,339,-1
587,1,ball,209,637,-1
588,157,player,234,671,2
588,27,referee,1709,899,-1
588,155,referee,1133,546,-1
588,186,referee,905,342,-1
588,1,ball,208,630,-1
589,157,player,239,675,2
589,155,referee,1134,546,-1
589,27,referee,1712,898,-1
589,186,referee,907,342,-1
589,1,ball,208,625,-1
590,157,player,237,674,2
590,27,referee,1711,901,-1
590,155,referee,1136,547,-1
590,1,ball,209,622,-1
591,157,player,236,673,2
591,27,referee,1715,901,-1
591,155,referee,1136,549,-1
591,1,ball,210,619,-1
592,157,player,238,668,2
592,155,referee,1136,549,-1
592,27,referee,1717,902,-1
592,186,referee,919,343,-1
592,1,ball,211,615,-1
593,157,player,238,664,2
593,155,referee,1137,551,-1
593,27,referee,1719,902,-1
593,186,referee,922,343,-1
593,1,ball,213,611,-1
594,157,player,243,663,2
594,27,referee,1721,904,-1
594,155,referee,1138,552,-1
594,186,referee,926,341,-1
594,1,ball,214,608,-1
595,157,player,244,666,2
595,27,referee,1723,905,-1
595,155,referee,1138,552,-1
595,186,referee,931,342,-1
595,1,ball,215,604,-1
596,27,referee,1727,904,-1
596,155,referee,1137,552,-1
596,186,referee,935,341,-1
596,1,ball,217,601,-1
597,27,referee,1730,904,-1
597,155,referee,1134,552,-1
597,186,referee,936,340,-1
597,1,ball,218,597,-1
598,12,player,251,527,1
598,27,referee,1731,906,-1
598,155,referee,1133,552,-1
598,186,referee,939,341,-1
598,1,ball,219,593,-1
599,12,player,251,527,1
599,27,referee,1732,905,-1
599,155,referee,1133,552,-1
599,186,referee,941,341,-1
599,1,ball,221,590,-1
600,12,player,250,526,1
600,27,referee,1733,906,-1
600,155,referee,1133,553,-1
600,186,referee,941,341,-1
600,1,ball,222,586,-1
601,12,player,248,526,1
601,27,referee,1736,907,-1
601,155,referee,1130,553,-1
601,186,referee,943,341,-1
601,1,ball,223,583,-1
602,12,player,245,527,1
602,155,referee,1126,552,-1
602,27,referee,1736,907,-1
602,186,referee,943,340,-1
602,1,ball,224,579,-1
603,12,player,243,528,1
603,155,referee,1124,553,-1
603,27,referee,1737,906,-1
603,186,referee,943,340,-1
603,1,ball,224,575,-1
604,12,player,241,529,1
604,155,referee,1122,553,-1
604,27,referee,1736,906,-1
604,186,referee,944,339,-1
604,1,ball,224,575,-1
605,12,player,238,530,1
605,27,referee,1735,905,-1
605,155,referee,1114,553,-1
605,186,referee,945,339,-1
605,1,ball,223,571,-1
606,12,player,236,529,1
606,27,referee,1733,904,-1
606,155,referee,1114,553,-1
606,186,referee,945,338,-1
606,1,ball,223,570,-1
607,12,player,233,529,1
607,27,referee,1731,905,-1
607,155,referee,1109,555,-1
607,186,referee,945,339,-1
607,1,ball,221,567,-1
608,12,player,229,531,1
608,27,referee,1728,906,-1
608,155,referee,1107,557,-1
608,186,referee,945,339,-1
608,1,ball,221,565,-1
609,12,player,228,534,1
609,27,referee,1727,907,-1
609,155,referee,1105,555,-1
609,186,referee,945,339,-1
609,1,ball,221,564,-1
610,12,player,227,534,1
610,27,referee,1726,908,-1
610,155,referee,1103,554,-1
610,186,referee,945,340,-1
610,1,ball,221,562,-1
611,12,player,227,535,1
611,155,referee,1100,554,-1
611,27,referee,1726,907,-1
611,186,referee,946,339,-1
611,1,ball,249,563,-1
612,12,player,227,537,1
612,155,referee,1097,554,-1
612,27,referee,1726,907,-1
612,186,referee,948,339,-1
612,1,ball,277,563,-1
613,155,referee,1096,555,-1
613,27,referee,1726,907,-1
613,186,referee,946,338,-1
613,1,ball,305,563,-1
614,155,referee,1094,554,-1
614,27,referee,1725,906,-1
614,186,referee,946,339,-1
614,1,ball,334,564,-1
615,105,player,404,518,2
615,155,referee,1089,554,-1
615,27,referee,1724,906,-1
615,186,referee,947,338,-1
615,1,ball,362,564,-1
616,105,player,399,520,2
616,155,referee,1085,554,-1
616,27,referee,1724,906,-1
616,186,referee,947,338,-1
616,1,ball,390,565,-1
617,105,player,390,519,2
617,155,referee,1079,555,-1
617,27,referee,1725,905,-1
617,186,referee,945,339,-1
617,1,ball,419,565,-1
618,155,referee,1075,554,-1
618,27,referee,1723,904,-1
618,186,referee,945,339,-1
618,1,ball,447,565,-1
619,155,referee,1072,554,-1
619,27,referee,1721,904,-1
619,186,referee,945,340,-1
619,1,ball,475,566,-1
620,155,referee,1071,555,-1
620,27,referee,1718,903,-1
620,186,referee,946,339,-1
620,1,ball,503,566,-1
621,155,referee,1066,554,-1
621,27,referee,1717,903,-1
621,186,referee,946,339,-1
621,1,ball,504,566,-1
622,155,referee,1063,554,-1
622,27,referee,1716,902,-1
622,186,referee,946,339,-1
622,1,ball,504,566,-1
623,27,referee,1714,903,-1
623,155,referee,1059,555,-1
623,186,referee,945,339,-1
623,1,ball,504,566,-1
624,27,referee,1714,902,-1
624,155,referee,1056,556,-1
624,186,referee,943,339,-1
624,1,ball,504,566,-1
625,27,referee,1712,903,-1
625,155,referee,1051,555,-1
625,186,referee,941,338,-1
625,1,ball,504,566,-1
626,27,referee,1712,903,-1
626,155,referee,1044,555,-1
626,186,referee,940,338,-1
626,1,ball,503,567,-1
627,27,referee,1712,904,-1
627,155,referee,1039,556,-1
627,186,referee,938,340,-1
627,1,ball,502,568,-1
628,27,referee,1712,903,-1
628,155,referee,1037,555,-1
628,186,referee,936,339,-1
628,1,ball,494,567,-1
629,27,referee,1710,904,-1
629,155,referee,1033,557,-1
629,186,referee,936,339,-1
629,1,ball,486,566,-1
630,155,referee,1029,556,-1
630,27,referee,1710,904,-1
630,186,referee,935,339,-1
630,1,ball,478,566,-1
631,155,referee,1025,557,-1
631,27,referee,1710,903,-1
631,186,referee,935,338,-1
631,1,ball,469,565,-1
632,155,referee,1022,558,-1
632,27,referee,1709,903,-1
632,186,referee,934,339,-1
632,1,ball,461,564,-1
633,27,referee,1708,903,-1
633,155,referee,1019,558,-1
633,186,referee,934,338,-1
633,1,ball,453,564,-1
634,27,referee,1707,903,-1
634,155,referee,1014,558,-1
634,186,referee,933,338,-1
634,1,ball,445,563,-1
635,27,referee,1706,903,-1
635,186,referee,932,338,-1
635,155,referee,1009,558,-1
635,1,ball,436,562,-1
636,27,referee,1706,903,-1
636,155,referee,1003,559,-1
636,186,referee,931,338,-1
636,1,ball,428,562,-1
637,27,referee,1705,904,-1
637,155,referee,1000,558,-1
637,186,referee,931,338,-1
637,1,ball,420,561,-1
638,155,referee,997,558,-1
638,27,referee,1706,904,-1
638,186,referee,931,338,-1
638,1,ball,412,561,-1
639,155,referee,994,560,-1
639,27,referee,1706,903,-1
639,186,referee,931,338,-1
639,1,ball,403,560,-1
640,155,referee,990,560,-1
640,27,referee,1706,903,-1
640,186,referee,931,338,-1
640,1,ball,395,559,-1
641,27,referee,1706,903,-1
641,155,referee,985,561,-1
641,1,ball,387,559,-1
642,27,referee,1707,903,-1
642,155,referee,982,562,-1
642,1,ball,379,558,-1
643,155,referee,978,561,-1
643,27,referee,1707,903,-1
643,1,ball,370,557,-1
644,27,referee,1707,903,-1
644,155,referee,974,560,-1
644,1,ball,362,557,-1
645,27,referee,1708,903,-1
645,155,referee,969,562,-1
645,186,referee,925,339,-1
645,1,ball,354,556,-1
646,27,referee,1708,903,-1
646,155,referee,966,562,-1
646,186,referee,925,338,-1
646,1,ball,346,556,-1
647,27,referee,1708,903,-1
647,155,referee,963,562,-1
647,186,referee,923,337,-1
647,1,ball,337,555,-1
648,27,referee,1708,903,-1
648,155,referee,960,562,-1
648,186,referee,923,336,-1
648,1,ball,329,554,-1
649,27,referee,1708,903,-1
649,155,referee,956,563,-1
649,186,referee,922,336,-1
649,1,ball,321,554,-1
650,27,referee,1709,902,-1
650,155,referee,953,563,-1
650,186,referee,922,335,-1
650,1,ball,313,553,-1
651,27,referee,1709,902,-1
651,155,referee,950,563,-1
651,186,referee,922,335,-1
651,1,ball,304,552,-1
652,27,referee,1710,901,-1
652,155,referee,948,563,-1
652,186,referee,922,336,-1
652,1,ball,296,552,-1
653,105,player,213,575,2
653,27,referee,1711,901,-1
653,155,referee,946,563,-1
653,186,referee,920,336,-1
653,1,ball,288,551,-1
654,105,player,214,575,2
654,27,referee,1712,900,-1
654,155,referee,942,563,-1
654,186,referee,920,335,-1
654,1,ball,280,550,-1
655,105,player,213,577,2
655,27,referee,1713,901,-1
655,155,referee,940,563,-1
655,186,referee,919,335,-1
655,1,ball,271,550,-1
656,105,player,212,576,2
656,27,referee,1714,901,-1
656,155,referee,939,563,-1
656,186,referee,918,334,-1
656,1,ball,263,549,-1
657,105,player,212,576,2
657,27,referee,1715,900,-1
657,155,referee,936,562,-1
657,186,referee,917,334,-1
657,1,ball,255,549,-1
658,105,player,213,573,2
658,27,referee,1715,900,-1
658,155,referee,933,564,-1
658,186,referee,917,335,-1
658,1,ball,278,541,-1
659,27,referee,1714,899,-1
659,155,referee,930,564,-1
659,186,referee,917,335,-1
659,1,ball,301,532,-1
660,27,referee,1716,898,-1
660,155,referee,927,566,-1
660,186,referee,917,335,-1
660,1,ball,325,524,-1
661,2,player,373,449,2
661,27,referee,1714,897,-1
661,155,referee,925,567,-1
661,186,referee,917,335,-1
661,1,ball,349,518,-1
662,2,player,375,450,2
662,27,referee,1712,895,-1
662,155,referee,924,566,-1
662,186,referee,917,336,-1
662,1,ball,373,512,-1
663,2,player,376,451,2
663,27,referee,1710,894,-1
663,155,referee,922,567,-1
663,186,referee,917,337,-1
663,1,ball,397,506,-1
664,2,player,377,451,2
664,27,referee,1710,893,-1
664,155,referee,921,565,-1
664,186,referee,917,336,-1
664,1,ball,420,499,-1
665,2,player,378,450,2
665,27,referee,1707,892,-1
665,155,referee,920,565,-1
665,186,referee,916,336,-1
665,1,ball,443,493,-1
666,27,referee,1707,892,-1
666,155,referee,919,566,-1
666,186,referee,916,337,-1
666,1,ball,466,488,-1
667,27,referee,1706,892,-1
667,155,referee,919,565,-1
667,186,referee,917,337,-1
667,1,ball,490,482,-1
668,27,referee,1705,893,-1
668,155,referee,918,564,-1
668,186,referee,917,337,-1
668,1,ball,512,477,-1
669,27,referee,1706,891,-1
669,155,referee,918,564,-1
669,186,referee,918,338,-1
669,1,ball,535,472,-1
670,155,referee,917,564,-1
670,27,referee,1704,889,-1
670,15,referee,1143,514,-1
670,186,referee,918,338,-1
670,1,ball,558,466,-1
671,27,referee,1703,888,-1
671,155,referee,917,564,-1
671,186,referee,918,339,-1
671,1,ball,581,461,-1
672,155,referee,915,562,-1
672,27,referee,1705,886,-1
672,186,referee,918,338,-1
672,1,ball,605,454,-1
673,155,referee,916,561,-1
673,27,referee,1701,883,-1
673,186,referee,918,339,-1
673,1,ball,626,451,-1
674,27,referee,1701,882,-1
674,155,referee,915,560,-1
674,186,referee,919,338,-1
674,1,ball,647,447,-1
675,27,referee,1702,881,-1
675,155,referee,915,560,-1
675,186,referee,919,338,-1
675,1,ball,667,443,-1
676,27,referee,1705,881,-1
676,155,referee,915,559,-1
676,186,referee,919,337,-1
676,1,ball,688,439,-1
677,30,player,787,427,2
677,27,referee,1707,881,-1
677,155,referee,915,559,-1
677,186,referee,918,338,-1
677,1,ball,709,435,-1
678,30,player,787,427,2
678,27,referee,1710,882,-1
678,155,referee,914,559,-1
678,186,referee,917,337,-1
678,1,ball,730,431,-1
679,30,player,787,427,2
679,27,referee,1711,881,-1
679,155,referee,913,556,-1
679,186,referee,917,337,-1
679,1,ball,749,429,-1
680,30,player,787,425,2
680,27,referee,1712,879,-1
680,155,referee,911,557,-1
680,1,ball,768,427,-1
681,30,player,788,425,2
681,27,referee,1715,878,-1
681,155,referee,910,555,-1
681,1,ball,787,425,-1
682,30,player,787,425,2
682,27,referee,1716,877,-1
682,155,referee,910,555,-1
682,1,ball,806,423,-1
683,30,player,786,426,2
683,27,referee,1718,875,-1
683,155,referee,908,554,-1
683,1,ball,825,421,-1
684,30,player,785,425,2
684,155,referee,908,553,-1
684,27,referee,1719,872,-1
684,1,ball,845,419,-1
685,30,player,785,425,2
685,155,referee,908,553,-1
685,27,referee,1721,868,-1
685,1,ball,864,417,-1
686,155,referee,909,552,-1
686,27,referee,1722,873,-1
686,1,ball,883,416,-1
687,155,referee,910,552,-1
687,27,referee,1722,875,-1
687,1,ball,901,412,-1
688,155,referee,909,551,-1
688,209,referee,901,331,-1
688,27,referee,1724,873,-1
688,1,ball,918,414,-1
689,155,referee,907,551,-1
689,209,referee,900,330,-1
689,27,referee,1725,871,-1
689,1,ball,935,416,-1
690,155,referee,909,552,-1
690,27,referee,1727,875,-1
690,209,referee,899,330,-1
690,1,ball,954,413,-1
691,155,referee,908,552,-1
691,27,referee,1728,875,-1
691,209,referee,897,331,-1
691,1,ball,974,413,-1
692,155,referee,909,552,-1
692,27,referee,1729,875,-1
692,209,referee,895,330,-1
692,1,ball,990,417,-1
693,27,referee,1731,874,-1
693,155,referee,909,551,-1
693,209,referee,892,329,-1
693,1,ball,1008,418,-1
694,155,referee,910,552,-1
694,27,referee,1732,873,-1
694,209,referee,890,330,-1
694,1,ball,1027,420,-1
695,155,referee,912,551,-1
695,27,referee,1733,871,-1
695,209,referee,888,329,-1
695,1,ball,1044,426,-1
696,155,referee,916,552,-1
696,27,referee,1734,870,-1
696,209,referee,888,329,-1
696,1,ball,1061,426,-1
697,155,referee,916,552,-1
697,27,referee,1735,869,-1
697,209,referee,887,329,-1
697,1,ball,1078,429,-1
698,155,referee,916,550,-1
698,27,referee,1736,870,-1
698,209,referee,886,330,-1
698,1,ball,1096,432,-1
699,155,referee,917,550,-1
699,27,referee,1736,873,-1
699,209,referee,885,331,-1
699,1,ball,1114,437,-1
700,155,referee,919,550,-1
700,27,referee,1735,873,-1
700,209,referee,883,331,-1
700,1,ball,1132,442,-1
701,155,referee,921,550,-1
701,27,referee,1738,875,-1
701,209,referee,882,331,-1
701,1,ball,1150,446,-1
702,27,referee,1741,873,-1
702,155,referee,923,551,-1
702,209,referee,880,332,-1
702,1,ball,1168,451,-1
703,155,referee,928,551,-1
703,27,referee,1741,872,-1
703,209,referee,879,332,-1
703,1,ball,1186,457,-1
704,155,referee,933,551,-1
704,27,referee,1744,874,-1
704,209,referee,878,331,-1
704,1,ball,1202,463,-1
705,155,referee,933,551,-1
705,27,referee,1746,872,-1
705,209,referee,876,332,-1
705,1,ball,1219,470,-1
706,155,referee,935,551,-1
706,27,referee,1745,873,-1
706,209,referee,876,332,-1
706,1,ball,1235,476,-1
707,155,referee,936,551,-1
707,27,referee,1744,873,-1
707,209,referee,874,332,-1
707,1,ball,1252,483,-1
708,155,referee,937,550,-1
708,27,referee,1743,874,-1
708,209,referee,873,331,-1
708,1,ball,1268,490,-1
709,27,referee,1742,874,-1
709,155,referee,938,550,-1
709,209,referee,870,332,-1
709,1,ball,1285,496,-1
710,155,referee,940,551,-1
710,27,referee,1744,873,-1
710,1,ball,1300,504,-1
711,155,referee,941,550,-1
711,27,referee,1745,873,-1
711,1,ball,1315,511,-1
712,155,referee,945,549,-1
712,27,referee,1748,873,-1
712,1,ball,1329,521,-1
713,155,referee,947,550,-1
713,27,referee,1751,873,-1
713,1,ball,1344,529,-1
714,155,referee,947,551,-1
714,27,referee,1750,871,-1
714,1,ball,1358,537,-1
715,155,referee,947,549,-1
715,27,referee,1750,873,-1
715,222,referee,852,333,-1
715,1,ball,1372,545,-1
716,27,referee,1749,875,-1
716,155,referee,948,549,-1
716,222,referee,849,333,-1
716,1,ball,1386,553,-1
717,27,referee,1749,875,-1
717,155,referee,950,548,-1
717,222,referee,850,333,-1
717,1,ball,1380,551,-1
718,27,referee,1753,873,-1
718,155,referee,952,548,-1
718,222,referee,849,333,-1
718,1,ball,1375,548,-1
719,27,referee,1756,873,-1
719,155,referee,954,550,-1
719,222,referee,847,333,-1
719,1,ball,1370,546,-1
720,27,referee,1758,873,-1
720,155,referee,958,550,-1
720,222,referee,843,334,-1
720,1,ball,1365,544,-1
721,27,referee,1757,873,-1
721,155,referee,962,550,-1
721,222,referee,842,334,-1
721,1,ball,1360,542,-1
722,27,referee,1756,872,-1
722,155,referee,963,550,-1
722,222,referee,839,333,-1
722,1,ball,1355,540,-1
723,27,referee,1754,873,-1
723,155,referee,963,548,-1
723,222,referee,836,333,-1
723,1,ball,1349,537,-1
724,27,referee,1755,874,-1
724,155,referee,963,548,-1
724,222,referee,833,333,-1
724,1,ball,1344,535,-1
725,27,referee,1755,873,-1
725,155,referee,962,547,-1
725,222,referee,829,334,-1
725,1,ball,1339,533,-1
726,27,referee,1757,873,-1
726,155,referee,962,546,-1
726,222,referee,827,334,-1
726,1,ball,1334,531,-1
727,27,referee,1759,873,-1
727,155,referee,962,546,-1
727,222,referee,823,335,-1
727,1,ball,1329,528,-1
728,27,referee,1761,871,-1
728,155,referee,961,549,-1
728,1,ball,1324,526,-1
729,27,referee,1763,871,-1
729,155,referee,963,547,-1
729,1,ball,1308,521,-1
730,27,referee,1762,872,-1
730,155,referee,964,546,-1
730,1,ball,1292,514,-1
731,27,referee,1762,870,-1
731,155,referee,967,547,-1
731,1,ball,1275,508,-1
732,27,referee,1764,869,-1
732,155,referee,965,546,-1
732,222,referee,807,336,-1
732,1,ball,1259,501,-1
733,27,referee,1765,870,-1
733,155,referee,966,545,-1
733,222,referee,805,336,-1
733,1,ball,1244,498,-1
734,27,referee,1766,870,-1
734,155,referee,968,546,-1
734,222,referee,802,336,-1
734,1,ball,1230,495,-1
735,155,referee,968,546,-1
735,27,referee,1767,873,-1
735,222,referee,800,336,-1
735,1,ball,1216,491,-1
736,155,referee,970,546,-1
736,27,referee,1768,872,-1
736,222,referee,798,335,-1
736,1,ball,1201,488,-1
737,27,referee,1770,871,-1
737,155,referee,972,546,-1
737,222,referee,795,335,-1
737,1,ball,1187,485,-1
738,27,referee,1772,872,-1
738,155,referee,978,546,-1
738,222,referee,794,336,-1
738,1,ball,1187,485,-1
739,155,referee,981,546,-1
739,27,referee,1772,872,-1
739,222,referee,794,336,-1
739,1,ball,1187,485,-1
740,27,referee,1774,873,-1
740,155,referee,983,545,-1
740,222,referee,793,336,-1
740,1,ball,1187,485,-1
741,27,referee,1776,874,-1
741,155,referee,985,543,-1
741,222,referee,793,336,-1
741,1,ball,1187,485,-1
742,27,referee,1777,876,-1
742,155,referee,988,542,-1
742,222,referee,793,336,-1
742,1,ball,1187,485,-1
743,27,referee,1778,873,-1
743,155,referee,992,540,-1
743,222,referee,794,336,-1
743,1,ball,1187,485,-1
744,27,referee,1778,873,-1
744,155,referee,994,541,-1
744,222,referee,794,336,-1
744,1,ball,1187,485,-1
745,15,player,1172,552,1
745,27,referee,1778,873,-1
745,155,referee,995,540,-1
745,222,referee,795,337,-1
745,1,ball,1187,485,-1
746,15,player,1171,551,1
746,27,referee,1778,872,-1
746,155,referee,1000,540,-1
746,222,referee,794,337,-1
746,1,ball,1187,485,-1
747,15,player,1169,552,1
747,27,referee,1778,872,-1
747,222,referee,795,337,-1
747,155,referee,1004,540,-1
747,1,ball,1187,485,-1
748,15,player,1169,552,1
748,27,referee,1779,871,-1
748,222,referee,794,337,-1
748,1,ball,1187,485,-1
749,15,player,1168,552,1
749,27,referee,1779,871,-1
749,222,referee,794,337,-1
749,155,referee,1009,538,-1
749,1,ball,1187,485,-1
